ano,semana,tipo_dx,n
2000,1,C,4
2000,1,P,10
2000,2,C,9
2000,2,P,19
2000,3,C,3
2000,3,P,23
2000,4,C,6
2000,4,P,21
2000,5,C,1
2000,5,P,58
2000,6,P,35
2000,7,C,4
2000,7,P,29
2000,8,C,2
2000,8,P,20
2000,9,C,2
2000,9,P,15
2000,10,C,1
2000,10,P,12
2000,11,C,3
2000,11,P,27
2000,12,C,2
2000,12,P,19
2000,13,C,1
2000,13,P,26
2000,14,C,3
2000,14,P,15
2000,15,P,27
2000,16,C,3
2000,16,P,15
2000,17,C,1
2000,17,P,14
2000,18,C,15
2000,18,P,29
2000,19,C,35
2000,19,P,50
2000,20,C,29
2000,20,P,90
2000,21,C,16
2000,21,P,74
2000,22,C,36
2000,22,P,109
2000,23,C,78
2000,23,P,324
2000,24,C,117
2000,24,P,455
2000,25,C,60
2000,25,P,368
2000,26,C,30
2000,26,P,304
2000,27,C,20
2000,27,P,196
2000,28,C,16
2000,28,P,145
2000,29,C,30
2000,29,P,120
2000,30,C,28
2000,30,P,95
2000,31,C,23
2000,31,P,115
2000,32,C,41
2000,32,P,134
2000,33,C,30
2000,33,P,79
2000,34,C,27
2000,34,P,94
2000,35,C,12
2000,35,P,76
2000,36,C,7
2000,36,P,52
2000,37,C,25
2000,37,P,42
2000,38,C,13
2000,38,P,69
2000,39,C,9
2000,39,P,56
2000,40,C,3
2000,40,P,55
2000,41,C,13
2000,41,P,61
2000,42,C,26
2000,42,P,75
2000,43,C,12
2000,43,P,99
2000,44,C,12
2000,44,P,94
2000,45,C,13
2000,45,P,118
2000,46,C,22
2000,46,P,93
2000,47,C,23
2000,47,P,98
2000,48,C,18
2000,48,P,95
2000,49,C,7
2000,49,P,115
2000,50,C,1
2000,50,P,118
2000,51,C,1
2000,51,P,100
2000,52,P,82
2001,1,C,58
2001,1,P,270
2001,2,C,50
2001,2,P,465
2001,3,C,30
2001,3,P,1058
2001,4,C,24
2001,4,P,1296
2001,5,C,40
2001,5,P,1011
2001,6,C,48
2001,6,P,815
2001,7,C,60
2001,7,P,739
2001,8,C,70
2001,8,P,931
2001,9,C,123
2001,9,P,968
2001,10,C,86
2001,10,P,1142
2001,11,C,67
2001,11,P,1194
2001,12,C,79
2001,12,P,973
2001,13,C,63
2001,13,P,1030
2001,14,C,63
2001,14,P,1119
2001,15,C,69
2001,15,P,1237
2001,16,C,60
2001,16,P,1530
2001,17,C,48
2001,17,P,1318
2001,18,C,53
2001,18,P,1026
2001,19,C,60
2001,19,P,806
2001,20,C,43
2001,20,P,752
2001,21,C,39
2001,21,P,470
2001,22,C,39
2001,22,P,215
2001,23,C,30
2001,23,P,178
2001,24,C,22
2001,24,P,178
2001,25,C,19
2001,25,P,92
2001,26,C,8
2001,26,P,59
2001,27,C,15
2001,27,P,56
2001,28,C,6
2001,28,P,28
2001,29,C,7
2001,29,P,40
2001,30,C,5
2001,30,P,32
2001,31,C,4
2001,31,P,29
2001,32,C,3
2001,32,P,28
2001,33,P,32
2001,34,C,2
2001,34,P,24
2001,35,C,1
2001,35,P,16
2001,36,P,20
2001,37,C,1
2001,37,P,34
2001,38,C,4
2001,38,P,21
2001,39,C,1
2001,39,P,23
2001,40,C,1
2001,40,P,26
2001,41,C,3
2001,41,P,19
2001,42,C,1
2001,42,P,18
2001,43,C,2
2001,43,P,29
2001,44,C,4
2001,44,P,34
2001,45,C,3
2001,45,P,72
2001,46,C,3
2001,46,P,107
2001,47,C,3
2001,47,P,75
2001,48,C,3
2001,48,P,55
2001,49,C,3
2001,49,P,81
2001,50,P,124
2001,51,P,89
2001,52,C,1
2001,52,P,115
2002,1,C,38
2002,1,P,114
2002,2,C,50
2002,2,P,150
2002,3,C,66
2002,3,P,177
2002,4,C,84
2002,4,P,230
2002,5,C,115
2002,5,P,332
2002,6,C,84
2002,6,P,359
2002,7,C,83
2002,7,P,374
2002,8,C,73
2002,8,P,310
2002,9,C,45
2002,9,P,280
2002,10,C,55
2002,10,P,206
2002,11,C,58
2002,11,P,246
2002,12,C,38
2002,12,P,242
2002,13,C,35
2002,13,P,419
2002,14,C,32
2002,14,P,280
2002,15,C,35
2002,15,P,191
2002,16,C,47
2002,16,P,190
2002,17,C,19
2002,17,P,90
2002,18,C,32
2002,18,P,89
2002,19,C,31
2002,19,P,86
2002,20,C,33
2002,20,P,84
2002,21,C,37
2002,21,P,72
2002,22,C,19
2002,22,P,75
2002,23,C,37
2002,23,P,60
2002,24,C,23
2002,24,P,83
2002,25,C,33
2002,25,P,57
2002,26,C,19
2002,26,P,57
2002,27,C,24
2002,27,P,73
2002,28,C,26
2002,28,P,33
2002,29,C,27
2002,29,P,42
2002,30,C,19
2002,30,P,32
2002,31,C,23
2002,31,P,21
2002,32,C,17
2002,32,P,29
2002,33,C,11
2002,33,P,23
2002,34,C,30
2002,34,P,41
2002,35,C,18
2002,35,P,9
2002,36,C,28
2002,36,P,19
2002,37,C,25
2002,37,P,13
2002,38,C,26
2002,38,P,16
2002,39,C,30
2002,39,P,19
2002,40,C,22
2002,40,P,20
2002,41,C,38
2002,41,P,22
2002,42,C,68
2002,42,P,20
2002,43,C,84
2002,43,P,35
2002,44,C,62
2002,44,P,19
2002,45,C,50
2002,45,P,26
2002,46,C,63
2002,46,P,26
2002,47,C,42
2002,47,P,90
2002,48,C,54
2002,48,P,125
2002,49,C,34
2002,49,P,144
2002,50,C,15
2002,50,P,134
2002,51,C,14
2002,51,P,85
2002,52,C,6
2002,52,P,40
2003,1,C,9
2003,1,P,45
2003,2,C,14
2003,2,P,51
2003,3,C,13
2003,3,P,30
2003,4,C,21
2003,4,P,44
2003,5,C,16
2003,5,P,38
2003,6,C,18
2003,6,P,52
2003,7,C,15
2003,7,P,54
2003,8,C,20
2003,8,P,43
2003,9,C,23
2003,9,P,86
2003,10,C,20
2003,10,P,56
2003,11,C,19
2003,11,P,65
2003,12,C,13
2003,12,P,73
2003,13,C,17
2003,13,P,77
2003,14,C,16
2003,14,P,126
2003,15,C,11
2003,15,P,160
2003,16,C,13
2003,16,P,182
2003,17,C,12
2003,17,P,198
2003,18,C,14
2003,18,P,236
2003,19,C,10
2003,19,P,191
2003,20,C,9
2003,20,P,136
2003,21,C,9
2003,21,P,64
2003,22,C,9
2003,22,P,56
2003,23,C,16
2003,23,P,97
2003,24,C,22
2003,24,P,54
2003,25,C,23
2003,25,P,38
2003,26,C,12
2003,26,P,33
2003,27,C,16
2003,27,P,30
2003,28,C,4
2003,28,P,26
2003,29,C,1
2003,29,P,24
2003,30,C,4
2003,30,P,16
2003,31,C,2
2003,31,P,10
2003,32,C,5
2003,32,P,17
2003,33,C,4
2003,33,P,20
2003,34,C,4
2003,34,P,16
2003,35,C,1
2003,35,P,10
2003,36,C,2
2003,36,P,17
2003,37,C,6
2003,37,P,14
2003,38,C,1
2003,38,P,26
2003,39,C,1
2003,39,P,16
2003,40,C,1
2003,40,P,14
2003,41,C,2
2003,41,P,14
2003,42,C,1
2003,42,P,22
2003,43,C,3
2003,43,P,17
2003,44,C,4
2003,44,P,23
2003,45,C,1
2003,45,P,23
2003,46,C,2
2003,46,P,34
2003,47,C,3
2003,47,P,34
2003,48,C,8
2003,48,P,19
2003,49,C,9
2003,49,P,30
2003,50,C,11
2003,50,P,18
2003,51,C,6
2003,51,P,26
2003,52,C,4
2003,52,P,21
2003,53,C,8
2003,53,P,19
2004,1,C,36
2004,1,P,37
2004,2,C,64
2004,2,P,115
2004,3,C,75
2004,3,P,365
2004,4,C,59
2004,4,P,331
2004,5,C,63
2004,5,P,195
2004,6,C,52
2004,6,P,158
2004,7,C,46
2004,7,P,173
2004,8,C,25
2004,8,P,168
2004,9,C,30
2004,9,P,126
2004,10,C,37
2004,10,P,83
2004,11,C,52
2004,11,P,124
2004,12,C,52
2004,12,P,116
2004,13,C,52
2004,13,P,153
2004,14,C,70
2004,14,P,219
2004,15,C,96
2004,15,P,346
2004,16,C,75
2004,16,P,359
2004,17,C,78
2004,17,P,296
2004,18,C,55
2004,18,P,198
2004,19,C,58
2004,19,P,165
2004,20,C,61
2004,20,P,182
2004,21,C,30
2004,21,P,115
2004,22,C,27
2004,22,P,111
2004,23,C,15
2004,23,P,82
2004,24,C,21
2004,24,P,57
2004,25,C,11
2004,25,P,48
2004,26,C,11
2004,26,P,69
2004,27,C,9
2004,27,P,76
2004,28,C,15
2004,28,P,59
2004,29,C,12
2004,29,P,32
2004,30,C,14
2004,30,P,30
2004,31,C,11
2004,31,P,64
2004,32,C,19
2004,32,P,52
2004,33,C,13
2004,33,P,57
2004,34,C,10
2004,34,P,57
2004,35,C,11
2004,35,P,65
2004,36,C,6
2004,36,P,71
2004,37,C,9
2004,37,P,77
2004,38,C,12
2004,38,P,59
2004,39,C,22
2004,39,P,96
2004,40,C,17
2004,40,P,97
2004,41,C,20
2004,41,P,112
2004,42,C,19
2004,42,P,115
2004,43,C,26
2004,43,P,96
2004,44,C,19
2004,44,P,100
2004,45,C,29
2004,45,P,116
2004,46,C,11
2004,46,P,166
2004,47,C,11
2004,47,P,170
2004,48,C,15
2004,48,P,308
2004,49,C,31
2004,49,P,409
2004,50,C,18
2004,50,P,455
2004,51,C,12
2004,51,P,309
2004,52,C,8
2004,52,P,258
2005,1,C,150
2005,1,P,91
2005,2,C,162
2005,2,P,73
2005,3,C,157
2005,3,P,60
2005,4,C,63
2005,4,P,41
2005,5,C,49
2005,5,P,39
2005,6,C,29
2005,6,P,34
2005,7,C,33
2005,7,P,38
2005,8,C,21
2005,8,P,48
2005,9,C,39
2005,9,P,71
2005,10,C,43
2005,10,P,76
2005,11,C,80
2005,11,P,93
2005,12,C,66
2005,12,P,86
2005,13,C,74
2005,13,P,96
2005,14,C,132
2005,14,P,126
2005,15,C,283
2005,15,P,132
2005,16,C,200
2005,16,P,148
2005,17,C,144
2005,17,P,116
2005,18,C,114
2005,18,P,99
2005,19,C,74
2005,19,P,108
2005,20,C,40
2005,20,P,84
2005,21,C,17
2005,21,P,59
2005,22,C,20
2005,22,P,54
2005,23,C,30
2005,23,P,61
2005,24,C,47
2005,24,P,55
2005,25,C,38
2005,25,P,44
2005,26,C,29
2005,26,P,52
2005,27,C,31
2005,27,P,70
2005,28,C,34
2005,28,P,61
2005,29,C,23
2005,29,P,29
2005,30,C,18
2005,30,P,28
2005,31,C,22
2005,31,P,39
2005,32,C,13
2005,32,P,32
2005,33,C,17
2005,33,P,35
2005,34,C,14
2005,34,P,22
2005,35,C,5
2005,35,P,14
2005,36,C,21
2005,36,P,17
2005,37,C,1
2005,37,P,21
2005,38,C,8
2005,38,P,19
2005,39,C,16
2005,39,P,22
2005,40,C,9
2005,40,P,34
2005,41,C,11
2005,41,P,56
2005,42,C,5
2005,42,P,53
2005,43,C,9
2005,43,P,40
2005,44,C,4
2005,44,P,76
2005,45,C,3
2005,45,P,55
2005,46,C,8
2005,46,P,91
2005,47,C,6
2005,47,P,74
2005,48,C,9
2005,48,P,66
2005,49,C,10
2005,49,P,73
2005,50,C,8
2005,50,P,65
2005,51,C,4
2005,51,P,54
2005,52,C,5
2005,52,P,62
2006,1,C,42
2006,1,P,73
2006,2,C,34
2006,2,P,73
2006,3,C,32
2006,3,P,66
2006,4,C,41
2006,4,P,99
2006,5,C,47
2006,5,P,144
2006,6,C,32
2006,6,P,149
2006,7,C,20
2006,7,P,147
2006,8,C,21
2006,8,P,124
2006,9,C,43
2006,9,P,99
2006,10,C,27
2006,10,P,96
2006,11,C,19
2006,11,P,86
2006,12,C,16
2006,12,P,77
2006,13,C,20
2006,13,P,58
2006,14,C,20
2006,14,P,48
2006,15,C,20
2006,15,P,30
2006,16,C,34
2006,16,P,57
2006,17,C,30
2006,17,P,42
2006,18,C,104
2006,18,P,57
2006,19,C,98
2006,19,P,54
2006,20,C,74
2006,20,P,71
2006,21,C,102
2006,21,P,57
2006,22,C,94
2006,22,P,52
2006,23,C,76
2006,23,P,15
2006,24,C,35
2006,24,P,23
2006,25,C,24
2006,25,P,25
2006,26,C,4
2006,26,P,16
2006,27,C,7
2006,27,P,28
2006,28,C,9
2006,28,P,33
2006,29,C,2
2006,29,P,32
2006,30,C,6
2006,30,P,22
2006,31,C,7
2006,31,P,23
2006,32,C,6
2006,32,P,32
2006,33,C,7
2006,33,P,26
2006,34,C,9
2006,34,P,55
2006,35,C,6
2006,35,P,39
2006,36,C,2
2006,36,P,42
2006,37,C,2
2006,37,P,55
2006,38,C,3
2006,38,P,55
2006,39,P,60
2006,40,C,1
2006,40,P,34
2006,41,C,5
2006,41,P,54
2006,42,C,3
2006,42,P,56
2006,43,P,48
2006,44,C,5
2006,44,P,42
2006,45,C,4
2006,45,P,40
2006,46,C,7
2006,46,P,27
2006,47,C,8
2006,47,P,39
2006,48,C,6
2006,48,P,26
2006,49,C,3
2006,49,P,19
2006,50,C,1
2006,50,P,37
2006,51,C,1
2006,51,P,21
2006,52,P,20
2007,1,C,45
2007,1,P,61
2007,2,C,39
2007,2,P,78
2007,3,C,38
2007,3,P,65
2007,4,C,82
2007,4,P,100
2007,5,C,99
2007,5,P,129
2007,6,C,160
2007,6,P,219
2007,7,C,217
2007,7,P,383
2007,8,C,224
2007,8,P,407
2007,9,C,118
2007,9,P,264
2007,10,C,96
2007,10,P,199
2007,11,C,80
2007,11,P,146
2007,12,C,77
2007,12,P,127
2007,13,C,46
2007,13,P,95
2007,14,C,40
2007,14,P,70
2007,15,C,70
2007,15,P,48
2007,16,C,88
2007,16,P,51
2007,17,C,283
2007,17,P,27
2007,18,C,167
2007,18,P,29
2007,19,C,120
2007,19,P,37
2007,20,C,65
2007,20,P,37
2007,21,C,48
2007,21,P,19
2007,22,C,40
2007,22,P,25
2007,23,C,24
2007,23,P,30
2007,24,C,11
2007,24,P,26
2007,25,C,12
2007,25,P,13
2007,26,C,11
2007,26,P,7
2007,27,C,11
2007,27,P,17
2007,28,C,9
2007,28,P,20
2007,29,C,2
2007,29,P,22
2007,30,C,13
2007,30,P,11
2007,31,C,16
2007,31,P,32
2007,32,C,19
2007,32,P,16
2007,33,C,23
2007,33,P,9
2007,34,C,7
2007,34,P,14
2007,35,C,6
2007,35,P,18
2007,36,C,14
2007,36,P,23
2007,37,C,6
2007,37,P,17
2007,38,C,11
2007,38,P,18
2007,39,C,9
2007,39,P,21
2007,40,C,14
2007,40,P,19
2007,41,C,13
2007,41,P,36
2007,42,C,13
2007,42,P,41
2007,43,C,21
2007,43,P,37
2007,44,C,13
2007,44,P,38
2007,45,C,16
2007,45,P,71
2007,46,C,9
2007,46,P,50
2007,47,C,26
2007,47,P,53
2007,48,C,31
2007,48,P,47
2007,49,C,39
2007,49,P,74
2007,50,C,42
2007,50,P,65
2007,51,C,37
2007,51,P,52
2007,52,C,47
2007,52,P,64
2008,1,C,98
2008,1,P,75
2008,2,C,82
2008,2,P,103
2008,3,C,96
2008,3,P,101
2008,4,C,85
2008,4,P,148
2008,5,C,114
2008,5,P,155
2008,6,C,142
2008,6,P,119
2008,7,C,192
2008,7,P,168
2008,8,C,221
2008,8,P,221
2008,9,C,196
2008,9,P,278
2008,10,C,168
2008,10,P,209
2008,11,C,182
2008,11,P,140
2008,12,C,141
2008,12,P,58
2008,13,C,181
2008,13,P,83
2008,14,C,153
2008,14,P,92
2008,15,C,110
2008,15,P,76
2008,16,C,139
2008,16,P,59
2008,17,C,114
2008,17,P,54
2008,18,C,115
2008,18,P,33
2008,19,C,150
2008,19,P,27
2008,20,C,169
2008,20,P,11
2008,21,C,205
2008,21,P,1
2008,22,C,236
2008,22,P,2
2008,23,C,232
2008,23,P,5
2008,24,C,222
2008,24,P,1
2008,25,C,131
2008,25,P,6
2008,26,C,90
2008,26,P,8
2008,27,C,64
2008,27,P,11
2008,28,C,48
2008,28,P,30
2008,29,C,44
2008,29,P,14
2008,30,C,56
2008,30,P,23
2008,31,C,38
2008,31,P,13
2008,32,C,27
2008,32,P,4
2008,33,C,57
2008,33,P,4
2008,34,C,61
2008,34,P,4
2008,35,C,79
2008,35,P,12
2008,36,C,137
2008,36,P,13
2008,37,C,98
2008,37,P,27
2008,38,C,76
2008,38,P,50
2008,39,C,67
2008,39,P,62
2008,40,C,93
2008,40,P,126
2008,41,C,92
2008,41,P,252
2008,42,C,117
2008,42,P,343
2008,43,C,147
2008,43,P,293
2008,44,C,134
2008,44,P,273
2008,45,C,167
2008,45,P,319
2008,46,C,218
2008,46,P,251
2008,47,C,134
2008,47,P,184
2008,48,C,157
2008,48,P,229
2008,49,C,85
2008,49,P,298
2008,50,C,115
2008,50,P,272
2008,51,C,133
2008,51,P,272
2008,52,C,134
2008,52,P,290
2008,53,C,219
2008,53,P,161
2009,1,C,513
2009,2,C,514
2009,3,C,488
2009,4,C,500
2009,5,C,584
2009,6,C,692
2009,6,P,1
2009,7,C,645
2009,8,C,534
2009,9,C,642
2009,9,P,1
2009,10,C,534
2009,11,C,492
2009,11,P,2
2009,12,C,575
2009,13,C,440
2009,13,P,1
2009,14,C,383
2009,14,P,1
2009,15,C,468
2009,16,C,423
2009,16,P,1
2009,17,C,287
2009,18,C,328
2009,18,P,1
2009,19,C,436
2009,19,P,1
2009,20,C,379
2009,21,C,300
2009,22,C,142
2009,23,C,136
2009,24,C,145
2009,25,C,117
2009,26,C,96
2009,27,C,100
2009,28,C,57
2009,29,C,42
2009,30,C,60
2009,31,C,58
2009,32,C,65
2009,32,P,1
2009,33,C,79
2009,34,C,45
2009,35,C,57
2009,36,C,68
2009,37,C,79
2009,38,C,56
2009,38,P,1
2009,39,C,55
2009,40,C,52
2009,41,C,86
2009,42,C,89
2009,43,C,124
2009,44,C,112
2009,45,C,133
2009,46,C,226
2009,47,C,207
2009,48,C,209
2009,48,P,1
2009,49,C,166
2009,50,C,113
2009,51,C,93
2009,52,C,90
2009,53,C,81
2010,1,C,154
2010,2,C,163
2010,3,C,163
2010,4,C,198
2010,5,C,154
2010,6,C,196
2010,7,C,243
2010,8,C,243
2010,9,C,253
2010,10,C,322
2010,11,C,421
2010,12,C,521
2010,13,C,951
2010,14,C,1560
2010,15,C,1554
2010,16,C,1177
2010,17,C,910
2010,18,C,854
2010,19,C,815
2010,20,C,623
2010,21,C,469
2010,22,C,345
2010,23,C,319
2010,24,C,284
2010,25,C,139
2010,26,C,147
2010,27,C,144
2010,28,C,116
2010,29,C,88
2010,30,C,87
2010,31,C,116
2010,32,C,65
2010,33,C,79
2010,34,C,49
2010,35,C,27
2010,36,C,42
2010,37,C,29
2010,38,C,35
2010,39,C,37
2010,40,C,39
2010,41,C,60
2010,42,C,103
2010,43,C,126
2010,44,C,280
2010,45,C,292
2010,46,C,304
2010,47,C,376
2010,48,C,336
2010,49,C,199
2010,50,C,192
2010,51,C,197
2010,52,C,246
2011,1,C,1419
2011,2,C,2250
2011,3,C,3293
2011,4,C,2785
2011,5,C,2337
2011,6,C,3058
2011,7,C,1648
2011,8,C,1800
2011,9,C,1327
2011,10,C,1105
2011,11,C,850
2011,12,C,621
2011,13,C,513
2011,14,C,309
2011,15,C,227
2011,16,C,191
2011,17,C,138
2011,18,C,142
2011,19,C,117
2011,20,C,134
2011,21,C,95
2011,22,C,129
2011,23,C,89
2011,24,C,97
2011,25,C,84
2011,26,C,88
2011,27,C,84
2011,28,C,51
2011,29,C,71
2011,30,C,61
2011,31,C,56
2011,32,C,57
2011,33,C,59
2011,34,C,60
2011,35,C,32
2011,36,C,43
2011,37,C,51
2011,38,C,71
2011,39,C,78
2011,40,C,66
2011,41,C,73
2011,42,C,79
2011,43,C,67
2011,44,C,95
2011,45,C,118
2011,46,C,118
2011,47,C,175
2011,48,C,189
2011,49,C,354
2011,50,C,389
2011,51,C,400
2011,52,C,341
2012,1,C,567
2012,2,C,774
2012,3,C,753
2012,4,C,681
2012,5,C,693
2012,6,C,546
2012,7,C,433
2012,8,C,489
2012,9,C,451
2012,10,C,511
2012,11,C,604
2012,12,C,625
2012,13,C,585
2012,14,C,505
2012,15,C,512
2012,16,C,457
2012,17,C,421
2012,18,C,432
2012,19,C,494
2012,20,C,544
2012,21,C,482
2012,22,C,450
2012,23,C,384
2012,24,C,337
2012,25,C,433
2012,26,C,427
2012,27,C,504
2012,28,C,412
2012,29,C,365
2012,30,C,303
2012,31,C,298
2012,31,P,1
2012,32,C,344
2012,33,C,291
2012,34,C,267
2012,35,C,183
2012,36,C,141
2012,37,C,97
2012,38,C,106
2012,39,C,94
2012,40,C,91
2012,41,C,141
2012,42,C,184
2012,43,C,287
2012,44,C,502
2012,45,C,1333
2012,46,C,1969
2012,47,C,1791
2012,48,C,1913
2012,49,C,1260
2012,50,C,957
2012,51,C,623
2012,52,C,458
2013,1,C,307
2013,2,C,255
2013,3,C,270
2013,4,C,266
2013,5,C,282
2013,6,C,388
2013,7,C,310
2013,8,C,317
2013,9,C,295
2013,10,C,369
2013,11,C,390
2013,12,C,480
2013,13,C,458
2013,14,C,548
2013,15,C,564
2013,16,C,582
2013,17,C,426
2013,18,C,326
2013,19,C,291
2013,20,C,366
2013,21,C,290
2013,22,C,210
2013,23,C,213
2013,24,C,182
2013,25,C,150
2013,26,C,143
2013,27,C,161
2013,28,C,169
2013,28,P,1
2013,29,C,146
2013,30,C,85
2013,31,C,90
2013,32,C,112
2013,33,C,134
2013,34,C,134
2013,35,C,97
2013,36,C,98
2013,37,C,119
2013,38,C,78
2013,39,C,115
2013,40,C,137
2013,41,C,130
2013,42,C,122
2013,43,C,162
2013,44,C,147
2013,45,C,202
2013,46,C,262
2013,47,C,345
2013,48,C,326
2013,49,C,291
2013,50,C,279
2013,50,P,1
2013,51,C,209
2013,52,C,261
2013,52,P,1
2014,1,C,427
2014,2,C,444
2014,3,C,461
2014,4,C,522
2014,5,C,488
2014,6,C,553
2014,7,C,581
2014,8,C,538
2014,9,C,449
2014,10,C,428
2014,11,C,378
2014,12,C,383
2014,13,C,351
2014,14,C,310
2014,15,C,340
2014,16,C,306
2014,17,C,272
2014,18,C,307
2014,18,P,1
2014,19,C,315
2014,20,C,264
2014,21,C,264
2014,22,C,269
2014,23,C,363
2014,24,C,312
2014,25,C,373
2014,26,C,351
2014,27,C,351
2014,28,C,314
2014,29,C,260
2014,29,P,1
2014,30,C,188
2014,30,P,1
2014,31,C,180
2014,32,C,182
2014,33,C,246
2014,34,C,239
2014,35,C,186
2014,36,C,247
2014,37,C,271
2014,38,C,244
2014,39,C,279
2014,39,P,2
2014,40,C,262
2014,41,C,310
2014,41,P,1
2014,42,C,343
2014,43,C,292
2014,44,C,223
2014,44,P,6
2014,45,C,293
2014,46,C,291
2014,47,C,341
2014,48,C,311
2014,49,C,313
2014,50,C,266
2014,51,C,258
2014,52,C,251
2014,53,C,232
2015,1,C,272
2015,2,C,289
2015,3,C,323
2015,3,P,4
2015,4,C,333
2015,5,C,373
2015,5,P,2
2015,6,C,392
2015,6,P,1
2015,7,C,511
2015,7,P,4
2015,8,C,516
2015,8,P,3
2015,9,C,575
2015,9,P,21
2015,10,C,591
2015,10,P,45
2015,11,C,646
2015,11,P,37
2015,12,C,693
2015,12,P,34
2015,13,C,640
2015,13,P,62
2015,14,C,997
2015,14,P,111
2015,15,C,1335
2015,15,P,86
2015,16,C,1577
2015,16,P,109
2015,17,C,1553
2015,17,P,172
2015,18,C,1856
2015,18,P,236
2015,19,C,1846
2015,19,P,206
2015,20,C,1878
2015,20,P,156
2015,21,C,1787
2015,21,P,246
2015,22,C,1865
2015,22,P,234
2015,23,C,1787
2015,23,P,194
2015,24,C,1583
2015,24,P,166
2015,25,C,1205
2015,25,P,166
2015,26,C,909
2015,26,P,162
2015,27,C,774
2015,27,P,141
2015,28,C,558
2015,28,P,80
2015,29,C,393
2015,29,P,53
2015,30,C,348
2015,30,P,33
2015,31,C,313
2015,31,P,28
2015,32,C,273
2015,32,P,45
2015,33,C,254
2015,33,P,38
2015,34,C,222
2015,34,P,26
2015,35,C,284
2015,35,P,39
2015,36,C,189
2015,36,P,29
2015,37,C,191
2015,37,P,17
2015,38,C,173
2015,38,P,27
2015,39,C,216
2015,39,P,25
2015,40,C,184
2015,40,P,26
2015,41,C,187
2015,41,P,19
2015,42,C,139
2015,42,P,28
2015,43,C,127
2015,43,P,16
2015,44,C,124
2015,44,P,10
2015,45,C,119
2015,45,P,12
2015,46,C,121
2015,46,P,14
2015,47,C,92
2015,47,P,6
2015,48,C,119
2015,48,P,13
2015,49,C,173
2015,49,P,17
2015,50,C,199
2015,50,P,30
2015,51,C,209
2015,51,P,22
2015,52,C,176
2015,52,P,76
2016,1,C,300
2016,1,P,7
2016,2,C,406
2016,2,P,11
2016,3,C,441
2016,3,P,10
2016,4,C,456
2016,4,P,17
2016,5,C,558
2016,5,P,41
2016,6,C,709
2016,6,P,57
2016,7,C,703
2016,7,P,66
2016,8,C,754
2016,8,P,68
2016,9,C,817
2016,9,P,78
2016,10,C,830
2016,10,P,103
2016,11,C,783
2016,11,P,108
2016,12,C,648
2016,12,P,81
2016,13,C,776
2016,13,P,103
2016,14,C,1007
2016,14,P,131
2016,15,C,1093
2016,15,P,107
2016,16,C,1108
2016,16,P,73
2016,17,C,941
2016,17,P,119
2016,18,C,1004
2016,18,P,116
2016,19,C,1040
2016,19,P,90
2016,20,C,926
2016,20,P,123
2016,21,C,775
2016,21,P,102
2016,22,C,714
2016,22,P,107
2016,23,C,604
2016,23,P,73
2016,24,C,573
2016,24,P,68
2016,25,C,426
2016,25,P,54
2016,26,C,309
2016,26,P,47
2016,27,C,303
2016,27,P,34
2016,28,C,237
2016,28,P,24
2016,29,C,176
2016,29,P,16
2016,30,C,147
2016,30,P,21
2016,31,C,166
2016,31,P,29
2016,32,C,137
2016,32,P,44
2016,33,C,109
2016,33,P,19
2016,34,C,71
2016,34,P,13
2016,35,C,81
2016,35,P,28
2016,36,C,82
2016,36,P,18
2016,37,C,81
2016,37,P,29
2016,38,C,96
2016,38,P,29
2016,39,C,87
2016,39,P,35
2016,40,C,129
2016,40,P,27
2016,41,C,186
2016,41,P,16
2016,42,C,190
2016,42,P,17
2016,43,C,115
2016,43,P,14
2016,44,C,165
2016,44,P,18
2016,45,C,190
2016,45,P,24
2016,46,C,172
2016,46,P,38
2016,47,C,219
2016,47,P,26
2016,48,C,178
2016,48,P,19
2016,49,C,172
2016,49,P,16
2016,50,C,152
2016,50,P,13
2016,51,C,120
2016,51,P,16
2016,52,C,135
2016,52,P,20
2017,1,C,199
2017,1,P,28
2017,2,C,228
2017,2,P,22
2017,3,C,226
2017,3,P,37
2017,4,C,236
2017,4,P,43
2017,5,C,344
2017,5,P,44
2017,6,C,436
2017,6,P,105
2017,7,C,506
2017,7,P,105
2017,8,C,465
2017,8,P,82
2017,9,C,633
2017,9,P,99
2017,10,C,924
2017,10,P,127
2017,11,C,1114
2017,11,P,231
2017,12,C,1607
2017,12,P,234
2017,13,C,2331
2017,13,P,298
2017,14,C,3509
2017,14,P,427
2017,15,C,4259
2017,15,P,419
2017,16,C,5265
2017,16,P,777
2017,17,C,5083
2017,17,P,733
2017,18,C,6485
2017,18,P,587
2017,19,C,5244
2017,19,P,485
2017,20,C,4419
2017,20,P,635
2017,21,C,3173
2017,21,P,480
2017,22,C,2641
2017,22,P,398
2017,23,C,2175
2017,23,P,324
2017,24,C,1651
2017,24,P,220
2017,25,C,1177
2017,25,P,176
2017,26,C,819
2017,26,P,121
2017,27,C,566
2017,27,P,117
2017,28,C,473
2017,28,P,115
2017,29,C,372
2017,29,P,86
2017,30,C,259
2017,30,P,57
2017,31,C,268
2017,31,P,68
2017,32,C,166
2017,32,P,48
2017,33,C,95
2017,33,P,59
2017,34,C,110
2017,34,P,47
2017,35,C,91
2017,35,P,50
2017,36,C,84
2017,36,P,37
2017,37,C,85
2017,37,P,54
2017,38,C,96
2017,38,P,44
2017,39,C,97
2017,39,P,59
2017,40,C,93
2017,40,P,58
2017,41,C,85
2017,41,P,66
2017,42,C,87
2017,42,P,84
2017,43,C,65
2017,43,P,57
2017,44,C,84
2017,44,P,64
2017,45,C,100
2017,45,P,103
2017,46,C,122
2017,46,P,95
2017,47,C,91
2017,47,P,88
2017,48,C,145
2017,48,P,73
2017,49,C,142
2017,49,P,80
2017,50,C,129
2017,50,P,55
2017,51,C,121
2017,51,P,50
2017,52,C,128
2017,52,P,36
2018,1,C,165
2018,1,P,18
2018,2,C,178
2018,2,P,17
2018,3,C,168
2018,3,P,18
2018,4,C,159
2018,4,P,16
2018,5,C,147
2018,5,P,30
2018,6,C,139
2018,6,P,24
2018,7,C,102
2018,7,P,22
2018,8,C,92
2018,8,P,21
2018,9,C,119
2018,9,P,15
2018,10,C,108
2018,10,P,24
2018,11,C,91
2018,11,P,17
2018,12,C,100
2018,12,P,30
2018,13,C,80
2018,13,P,28
2018,14,C,91
2018,14,P,33
2018,15,C,104
2018,15,P,56
2018,16,C,82
2018,16,P,67
2018,17,C,71
2018,17,P,67
2018,18,C,83
2018,18,P,41
2018,19,C,63
2018,19,P,45
2018,20,C,45
2018,20,P,38
2018,21,C,30
2018,21,P,44
2018,22,C,33
2018,22,P,32
2018,23,C,37
2018,23,P,36
2018,24,C,20
2018,24,P,23
2018,25,C,40
2018,25,P,11
2018,26,C,20
2018,26,P,16
2018,27,C,32
2018,27,P,10
2018,28,C,39
2018,28,P,11
2018,29,C,23
2018,29,P,7
2018,30,C,26
2018,30,P,3
2018,31,C,24
2018,31,P,5
2018,32,C,23
2018,32,P,3
2018,33,C,18
2018,33,P,3
2018,34,C,24
2018,34,P,6
2018,35,C,16
2018,35,P,7
2018,36,C,13
2018,36,P,9
2018,37,C,18
2018,37,P,7
2018,38,C,20
2018,38,P,11
2018,39,C,18
2018,39,P,35
2018,40,C,29
2018,40,P,10
2018,41,C,22
2018,41,P,16
2018,42,C,46
2018,42,P,20
2018,43,C,51
2018,43,P,17
2018,44,C,48
2018,44,P,27
2018,45,C,38
2018,45,P,25
2018,46,C,46
2018,46,P,43
2018,47,C,43
2018,47,P,49
2018,48,C,60
2018,48,P,67
2018,49,C,66
2018,49,P,47
2018,50,C,80
2018,50,P,54
2018,51,C,76
2018,51,P,20
2018,52,C,112
2018,52,P,19
2019,1,C,138
2019,1,P,37
2019,2,C,176
2019,2,P,29
2019,3,C,147
2019,3,P,49
2019,4,C,145
2019,4,P,72
2019,5,C,164
2019,5,P,39
2019,6,C,120
2019,6,P,21
2019,7,C,131
2019,7,P,15
2019,8,C,153
2019,8,P,12
2019,9,C,112
2019,9,P,20
2019,10,C,130
2019,10,P,23
2019,11,C,178
2019,11,P,24
2019,12,C,187
2019,12,P,14
2019,13,C,284
2019,13,P,19
2019,14,C,268
2019,14,P,26
2019,15,C,195
2019,15,P,19
2019,16,C,198
2019,16,P,17
2019,17,C,178
2019,17,P,14
2019,18,C,186
2019,18,P,14
2019,19,C,190
2019,19,P,8
2019,20,C,188
2019,20,P,22
2019,21,C,168
2019,21,P,22
2019,22,C,166
2019,22,P,14
2019,23,C,202
2019,23,P,14
2019,24,C,191
2019,24,P,32
2019,25,C,147
2019,25,P,21
2019,26,C,140
2019,26,P,9
2019,27,C,154
2019,27,P,4
2019,28,C,125
2019,28,P,9
2019,29,C,105
2019,29,P,5
2019,30,C,105
2019,30,P,14
2019,31,C,103
2019,31,P,30
2019,32,C,97
2019,32,P,14
2019,33,C,109
2019,33,P,10
2019,34,C,127
2019,34,P,5
2019,35,C,92
2019,35,P,2
2019,36,C,97
2019,36,P,14
2019,37,C,109
2019,37,P,5
2019,38,C,107
2019,38,P,4
2019,39,C,177
2019,39,P,10
2019,40,C,203
2019,40,P,15
2019,41,C,207
2019,41,P,22
2019,42,C,292
2019,42,P,19
2019,43,C,360
2019,43,P,24
2019,44,C,436
2019,44,P,39
2019,45,C,649
2019,45,P,168
2019,46,C,866
2019,46,P,203
2019,47,C,813
2019,47,P,157
2019,48,C,685
2019,48,P,252
2019,49,C,682
2019,49,P,200
2019,50,C,502
2019,50,P,285
2019,51,C,551
2019,51,P,200
2019,52,C,541
2019,52,P,195
2020,1,C,489
2020,1,P,81
2020,2,C,614
2020,2,P,88
2020,3,C,700
2020,3,P,133
2020,4,C,873
2020,4,P,71
2020,5,C,942
2020,5,P,93
2020,6,C,991
2020,6,P,71
2020,7,C,1059
2020,7,P,36
2020,8,C,1010
2020,8,P,50
2020,9,C,1070
2020,9,P,60
2020,10,C,1334
2020,10,P,144
2020,11,C,1018
2020,11,P,172
2020,12,C,784
2020,12,P,217
2020,13,C,697
2020,13,P,258
2020,14,C,721
2020,14,P,331
2020,15,C,652
2020,15,P,376
2020,16,C,931
2020,16,P,511
2020,17,C,769
2020,17,P,502
2020,18,C,680
2020,18,P,439
2020,19,C,638
2020,19,P,320
2020,20,C,611
2020,20,P,315
2020,21,C,482
2020,21,P,346
2020,22,C,326
2020,22,P,217
2020,23,C,224
2020,23,P,189
2020,24,C,215
2020,24,P,171
2020,25,C,218
2020,25,P,140
2020,26,C,197
2020,26,P,83
2020,27,C,207
2020,27,P,65
2020,28,C,166
2020,28,P,42
2020,29,C,168
2020,29,P,35
2020,30,C,195
2020,30,P,22
2020,31,C,280
2020,31,P,43
2020,32,C,312
2020,32,P,43
2020,33,C,357
2020,33,P,93
2020,34,C,378
2020,34,P,111
2020,35,C,300
2020,35,P,122
2020,36,C,407
2020,36,P,175
2020,37,C,389
2020,37,P,237
2020,38,C,492
2020,38,P,247
2020,39,C,466
2020,39,P,354
2020,40,C,543
2020,40,P,353
2020,41,C,571
2020,41,P,391
2020,42,C,611
2020,42,P,482
2020,43,C,840
2020,43,P,390
2020,44,C,973
2020,44,P,442
2020,45,C,1192
2020,45,P,422
2020,46,C,1241
2020,46,P,375
2020,47,C,1402
2020,47,P,263
2020,48,C,1212
2020,48,P,243
2020,49,C,1277
2020,49,P,208
2020,50,C,1244
2020,50,P,232
2020,51,C,1181
2020,51,P,170
2020,52,C,958
2020,52,P,168
2020,53,C,900
2020,53,P,283
2021,1,C,1375
2021,1,P,159
2021,2,C,1002
2021,2,P,173
2021,3,C,994
2021,3,P,117
2021,4,C,870
2021,4,P,74
2021,5,C,837
2021,5,P,76
2021,6,C,720
2021,6,P,119
2021,7,C,794
2021,7,P,76
2021,8,C,846
2021,8,P,82
2021,9,C,975
2021,9,P,100
2021,10,C,1115
2021,10,P,97
2021,11,C,1161
2021,11,P,154
2021,12,C,1002
2021,12,P,188
2021,13,C,902
2021,13,P,164
2021,14,C,920
2021,14,P,169
2021,15,C,906
2021,15,P,145
2021,16,C,879
2021,16,P,139
2021,17,C,865
2021,17,P,98
2021,18,C,790
2021,18,P,103
2021,19,C,904
2021,19,P,114
2021,20,C,938
2021,20,P,104
2021,21,C,777
2021,21,P,82
2021,22,C,758
2021,22,P,117
2021,23,C,777
2021,23,P,99
2021,24,C,709
2021,24,P,77
2021,25,C,669
2021,25,P,47
2021,26,C,633
2021,26,P,37
2021,27,C,531
2021,27,P,38
2021,28,C,510
2021,28,P,32
2021,29,C,480
2021,29,P,37
2021,30,C,388
2021,30,P,31
2021,31,C,436
2021,31,P,30
2021,32,C,415
2021,32,P,51
2021,33,C,467
2021,33,P,61
2021,34,C,389
2021,34,P,38
2021,35,C,371
2021,35,P,55
2021,36,C,416
2021,36,P,69
2021,37,C,424
2021,37,P,48
2021,38,C,442
2021,38,P,95
2021,39,C,535
2021,39,P,57
2021,40,C,468
2021,40,P,68
2021,41,C,577
2021,41,P,78
2021,42,C,730
2021,42,P,61
2021,43,C,696
2021,43,P,56
2021,44,C,743
2021,44,P,87
2021,45,C,887
2021,45,P,99
2021,46,C,1033
2021,46,P,87
2021,47,C,1042
2021,47,P,94
2021,48,C,1160
2021,48,P,81
2021,49,C,1029
2021,49,P,84
2021,50,C,1014
2021,50,P,126
2021,51,C,811
2021,51,P,222
2021,52,C,774
2021,52,P,210
2022,1,C,919
2022,1,P,132
2022,2,C,890
2022,2,P,104
2022,3,C,808
2022,3,P,127
2022,4,C,847
2022,4,P,114
2022,5,C,1178
2022,5,P,60
2022,6,C,1280
2022,6,P,99
2022,7,C,1514
2022,7,P,51
2022,8,C,1665
2022,8,P,91
2022,9,C,1715
2022,9,P,95
2022,10,C,1778
2022,10,P,130
2022,11,C,1928
2022,11,P,162
2022,12,C,1957
2022,12,P,179
2022,13,C,2200
2022,13,P,170
2022,14,C,2397
2022,14,P,152
2022,15,C,2521
2022,15,P,172
2022,16,C,2810
2022,16,P,243
2022,17,C,2624
2022,17,P,242
2022,18,C,2580
2022,18,P,250
2022,19,C,2276
2022,19,P,327
2022,20,C,1859
2022,20,P,231
2022,21,C,1420
2022,21,P,186
2022,22,C,1141
2022,22,P,200
2022,23,C,1009
2022,23,P,126
2022,24,C,840
2022,24,P,100
2022,25,C,676
2022,25,P,82
2022,26,C,624
2022,26,P,108
2022,27,C,545
2022,27,P,124
2022,28,C,477
2022,28,P,142
2022,29,C,408
2022,29,P,168
2022,30,C,299
2022,30,P,104
2022,31,C,355
2022,31,P,106
2022,32,C,408
2022,32,P,88
2022,33,C,426
2022,33,P,89
2022,34,C,319
2022,34,P,92
2022,35,C,328
2022,35,P,112
2022,36,C,391
2022,36,P,25
2022,37,C,406
2022,37,P,40
2022,38,C,425
2022,38,P,26
2022,39,C,431
2022,39,P,23
2022,40,C,409
2022,40,P,25
2022,41,C,450
2022,41,P,49
2022,42,C,511
2022,42,P,55
2022,43,C,604
2022,43,P,50
2022,44,C,767
2022,44,P,89
2022,45,C,895
2022,45,P,106
2022,46,C,1084
2022,46,P,156
2022,47,C,1088
2022,47,P,114
2022,48,C,967
2022,48,P,158
2022,49,C,802
2022,49,P,176
2022,50,C,843
2022,50,P,143
2022,51,C,750
2022,51,P,166
2022,52,C,776
2022,52,P,189
2023,1,C,1408
2023,1,P,149
2023,2,C,1256
2023,2,P,192
2023,3,C,1565
2023,3,P,238
2023,4,C,1430
2023,4,P,276
2023,5,C,1565
2023,5,P,280
2023,6,C,1716
2023,6,P,350
2023,7,C,1826
2023,7,P,373
2023,8,C,1965
2023,8,P,459
2023,9,C,2031
2023,9,P,397
2023,10,C,2123
2023,10,P,327
2023,11,C,2518
2023,11,P,410
2023,12,C,3327
2023,12,P,415
2023,13,C,3684
2023,13,P,370
2023,14,C,3998
2023,14,P,405
2023,15,C,5975
2023,15,P,582
2023,16,C,6942
2023,16,P,632
2023,17,C,8043
2023,17,P,532
2023,18,C,10923
2023,18,P,864
2023,19,C,13834
2023,19,P,1427
2023,20,C,18351
2023,20,P,2147
2023,21,C,16303
2023,21,P,1924
2023,22,C,16319
2023,22,P,1725
2023,23,C,14255
2023,23,P,1394
2023,24,C,12256
2023,24,P,998
2023,25,C,10054
2023,25,P,840
2023,26,C,7948
2023,26,P,638
2023,27,C,7480
2023,27,P,601
2023,28,C,6901
2023,28,P,654
2023,29,C,6024
2023,29,P,704
2023,30,C,4577
2023,30,P,464
2023,31,C,4714
2023,31,P,621
2023,32,C,4460
2023,32,P,366
2023,33,C,3780
2023,33,P,359
2023,34,C,3391
2023,34,P,259
2023,35,C,2978
2023,35,P,293
2023,36,C,2693
2023,36,P,371
2023,37,C,2414
2023,37,P,295
2023,38,C,1963
2023,38,P,243
2023,39,C,1752
2023,39,P,288
2023,40,C,1646
2023,40,P,281
2023,41,C,1457
2023,41,P,287
2023,42,C,1414
2023,42,P,364
2023,43,C,1269
2023,43,P,272
2023,44,C,1231
2023,44,P,341
2023,45,C,1400
2023,45,P,351
2023,46,C,1386
2023,46,P,364
2023,47,C,1457
2023,47,P,273
2023,48,C,1377
2023,48,P,289
2023,49,C,1195
2023,49,P,248
2023,50,C,1075
2023,50,P,318
2023,51,C,984
2023,51,P,214
2023,52,C,834
2023,52,P,285
2024,1,C,1104
2024,1,P,558
2024,2,C,1217
2024,2,P,759
2024,3,C,1495
2024,3,P,964
2024,4,C,1699
2024,4,P,1209
2024,5,C,2329
2024,5,P,1927
2024,6,C,3009
2024,6,P,2930
2024,7,C,2278
2024,7,P,3503