fecha,valor,tipo,horizonte
2002-04-01,60.0877192982456,total,03
2002-05-01,61.094674556213,total,03
2002-06-01,49.3939393939394,total,03
2002-07-01,56.2314540059347,total,03
2002-08-01,57.1646341463415,total,03
2002-09-01,57.624633431085,total,03
2002-10-01,60.2678571428571,total,03
2002-11-01,65.9159159159159,total,03
2002-12-01,71.1940298507463,total,03
2003-01-01,70.9439528023599,total,03
2003-02-01,66.9139465875371,total,03
2003-03-01,60.0294985250737,total,03
2003-04-01,65.5325443786982,total,03
2003-05-01,52.9585798816568,total,03
2003-06-01,54.8632218844985,total,03
2003-07-01,56.0606060606061,total,03
2003-08-01,57.7507598784195,total,03
2003-09-01,57.4850299401198,total,03
2003-10-01,60.207100591716,total,03
2003-11-01,58.6826347305389,total,03
2003-12-01,59.0236686390532,total,03
2004-01-01,54.5171339563863,total,03
2004-02-01,57.2327044025157,total,03
2004-03-01,56.514657980456,total,03
2004-04-01,57.8635014836795,total,03
2004-05-01,56.2314540059347,total,03
2004-06-01,56.2080536912752,total,03
2004-07-01,57.3469387755102,total,03
2004-08-01,62.3100303951368,total,03
2004-09-01,61.7241379310345,total,03
2004-10-01,63.125,total,03
2004-11-01,63.2911392405063,total,03
2004-12-01,62.9179331306991,total,03
2005-01-01,62.9850746268657,total,03
2005-02-01,62.5806451612903,total,03
2005-03-01,62.6785714285714,total,03
2005-04-01,63.7462235649547,total,03
2005-05-01,64.2011834319527,total,03
2005-06-01,63.6094674556213,total,03
2005-07-01,65.0746268656716,total,03
2005-08-01,63.7313432835821,total,03
2005-09-01,67.4382716049383,total,03
2005-10-01,64.4736842105263,total,03
2005-11-01,63.4615384615385,total,03
2005-12-01,56.4327485380117,total,03
2006-01-01,52.0289855072464,total,03
2006-02-01,57.2271386430679,total,03
2006-03-01,53.3625730994152,total,03
2006-04-01,52.5297619047619,total,03
2006-05-01,62.2418879056047,total,03
2006-06-01,65.3273809523809,total,03
2006-07-01,67.34375,total,03
2006-08-01,70.0581395348837,total,03
2006-09-01,68.8963210702341,total,03
2006-10-01,70.2290076335878,total,03
2006-11-01,72.6683937823834,total,03
2006-12-01,72.1884498480243,total,03
2007-01-01,72.1153846153846,total,03
2007-02-01,72.5067385444744,total,03
2007-03-01,72.9050279329609,total,03
2007-04-01,74.3055555555556,total,03
2007-05-01,71.5425531914894,total,03
2007-06-01,71.9251336898396,total,03
2007-07-01,70.1704545454545,total,03
2007-08-01,68.9516129032258,total,03
2007-09-01,69.9728260869565,total,03
2007-10-01,71.264367816092,total,03
2007-11-01,71.6463414634146,total,03
2007-12-01,75.3424657534247,total,03
2008-01-01,70,total,03
2008-02-01,71,total,03
2008-03-01,67,total,03
2008-04-01,69,total,03
2008-05-01,74,total,03
2008-06-01,71,total,03
2008-07-01,67,total,03
2008-08-01,61,total,03
2008-09-01,56,total,03
2008-10-01,44,total,03
2008-11-01,47,total,03
2008-12-01,32,total,03
2009-01-01,35,total,03
2009-02-01,38,total,03
2009-03-01,33,total,03
2009-04-01,39,total,03
2009-05-01,53,total,03
2009-06-01,51,total,03
2009-07-01,53,total,03
2009-08-01,63,total,03
2009-09-01,61,total,03
2009-10-01,66,total,03
2009-11-01,67,total,03
2009-12-01,69,total,03
2010-01-01,71.6171617161716,total,03
2010-02-01,71.9135802469136,total,03
2010-03-01,70.8474576271186,total,03
2010-04-01,73.8019169329073,total,03
2010-05-01,70.5387205387205,total,03
2010-06-01,74.6350364963504,total,03
2010-07-01,71.0616438356164,total,03
2010-08-01,71.043771043771,total,03
2010-09-01,70.4861111111111,total,03
2010-10-01,70.7482993197279,total,03
2010-11-01,69.8214285714286,total,03
2010-12-01,67.7121771217712,total,03
2011-01-01,66.0377358490566,total,03
2011-02-01,65.2014652014652,total,03
2011-03-01,64.5283018867924,total,03
2011-04-01,46.0655737704918,total,03
2011-05-01,49.0131578947368,total,03
2011-06-01,46.643109540636,total,03
2011-07-01,50.8802816901408,total,03
2011-08-01,50.7042253521127,total,03
2011-09-01,52.9310344827586,total,03
2011-10-01,58.4905660377359,total,03
2011-11-01,57.5250836120401,total,03
2011-12-01,55.794701986755,total,03
2012-01-01,57.3333333333333,total,03
2012-02-01,59.5161290322581,total,03
2012-03-01,63.5350318471338,total,03
2012-04-01,64.983164983165,total,03
2012-05-01,59.8240469208211,total,03
2012-06-01,57.2222222222222,total,03
2012-07-01,56.1475409836066,total,03
2012-08-01,59.1194968553459,total,03
2012-09-01,60.8064516129032,total,03
2012-10-01,63.9498432601881,total,03
2012-11-01,64.3250688705234,total,03
2012-12-01,64.1269841269841,total,03
2013-01-01,66.6666666666667,total,03
2013-02-01,66.3109756097561,total,03
2013-03-01,64.5631067961165,total,03
2013-04-01,59.7315436241611,total,03
2013-05-01,54.1095890410959,total,03
2013-06-01,51,total,03
2013-07-01,50.3184713375796,total,03
2013-08-01,47.6114649681529,total,03
2013-09-01,53.2362459546925,total,03
2013-10-01,54.5045045045045,total,03
2013-11-01,54.0785498489426,total,03
2013-12-01,58.7025316455696,total,03
2014-01-01,59.2753623188406,total,03
2014-02-01,60.2011494252874,total,03
2014-03-01,53.8461538461538,total,03
2014-04-01,54.2134831460674,total,03
2014-05-01,52.8610354223433,total,03
2014-06-01,49.7183098591549,total,03
2014-07-01,50.593471810089,total,03
2014-08-01,48.4550561797753,total,03
2014-09-01,53.9877300613497,total,03
2014-10-01,52.9940119760479,total,03
2014-11-01,55.2547770700637,total,03
2014-12-01,53.0973451327434,total,03
2015-01-01,54.2319749216301,total,03
2015-02-01,50.1577287066246,total,03
2015-03-01,49.388379204893,total,03
2015-04-01,46.7422096317281,total,03
2015-05-01,45.0704225352113,total,03
2015-06-01,50.625,total,03
2015-07-01,46.7191601049869,total,03
2015-08-01,42.2222222222222,total,03
2015-09-01,43.2225063938619,total,03
2015-10-01,44.9720670391061,total,03
2015-11-01,44.8126801152738,total,03
2015-12-01,44.5983379501385,total,03
2016-01-01,42.5141242937853,total,03
2016-02-01,46.6759002770083,total,03
2016-03-01,46.398891966759,total,03
2016-04-01,54.1666666666667,total,03
2016-05-01,53.4435261707989,total,03
2016-06-01,54.3478260869565,total,03
2016-07-01,60.9756097560976,total,03
2016-08-01,61.9760479041916,total,03
2016-09-01,62.3475609756098,total,03
2016-10-01,60.8150470219436,total,03
2016-11-01,58.3577712609971,total,03
2016-12-01,57.2625698324022,total,03
2017-01-01,56.6765578635015,total,03
2017-02-01,54.6178343949045,total,03
2017-03-01,43.8080495356037,total,03
2017-04-01,53.5714285714286,total,03
2017-05-01,54.1543026706232,total,03
2017-06-01,53.0523262023926,total,03
2017-07-01,54.7965126037598,total,03
2017-08-01,56.2682228088379,total,03
2017-09-01,60.1369857788086,total,03
2017-10-01,64.1428604125977,total,03
2017-11-01,62.6099700927734,total,03
2017-12-01,53.654972076416,total,03
2018-01-01,58.5365867614746,total,03
2018-02-01,54.9363059997559,total,03
2018-03-01,53.538459777832,total,03
2018-04-01,58.5626907348633,total,03
2018-05-01,59.7345123291016,total,03
2018-06-01,57.803466796875,total,03
2018-07-01,58.9665641784668,total,03
2018-08-01,58.5329322814941,total,03
2018-09-01,55.1282043457031,total,03
2018-10-01,52.3809509277344,total,03
2018-11-01,55.4517135620117,total,03
2018-12-01,58.3032493591309,total,03
2019-01-01,58.1210174560547,total,03
2019-02-01,58.4935913085938,total,03
2019-03-01,59.6026496887207,total,03
2019-04-01,55.8631935119629,total,03
2019-05-01,52.9051971435547,total,03
2019-06-01,49.8475608825684,total,03
2019-07-01,49.1071434020996,total,03
2019-08-01,45.238094329834,total,03
2019-09-01,46.8023262023926,total,03
2019-10-01,47.0031547546387,total,03
2019-11-01,49.6987953186035,total,03
2019-12-01,50.7716064453125,total,03
2020-01-01,52.9239768981934,total,03
2020-02-01,48.187313079834,total,03
2020-03-01,21.8120803833008,total,03
2020-04-01,9.13705539703369,total,03
2020-05-01,14.3369178771973,total,03
2020-06-01,28.7822875976563,total,03
2020-07-01,34.790210723877,total,03
2020-08-01,38.1188125610352,total,03
2020-09-01,46.5686274509804,total,03
2020-10-01,50.1628664495114,total,03
2020-11-01,52.8052805280528,total,03
2020-12-01,49.5,total,03
2021-01-01,41.1764705882353,total,03
2021-02-01,44.2176870748299,total,03
2021-03-01,51.1824324324324,total,03
2021-04-01,39.7151898734177,total,03
2021-05-01,44.8387096774194,total,03
2021-06-01,39.4736842105263,total,03
2021-07-01,42.9328621908127,total,03
2021-08-01,33.5640138408305,total,03
2021-09-01,35,total,03
2021-10-01,42.5182481751825,total,03
2021-11-01,40.1079136690648,total,03
2021-12-01,41.2213740458015,total,03
2022-01-01,44.4816053511706,total,03
2022-02-01,44.5205479452055,total,03
2022-03-01,38.986013986014,total,03
2022-04-01,34.9122807017544,total,03
2022-05-01,36.0627177700348,total,03
2022-06-01,34.115523465704,total,03
2022-07-01,34.2857142857143,total,03
2022-08-01,35.5633802816901,total,03
2022-09-01,36.525974025974,total,03
2022-10-01,35.7394366197183,total,03
2022-11-01,37.9310344827586,total,03
2022-12-01,42.3636363636364,total,03
2023-01-01,31.8840579710145,total,03
2023-02-01,41.4855072463768,total,03
2008-06-01,81.2903225806452,total,12
2008-07-01,74.9174917491749,total,12
2008-08-01,70.6948640483384,total,12
2008-09-01,63.5977337110482,total,12
2008-10-01,48.9457831325301,total,12
2008-11-01,50.1543209876543,total,12
2008-12-01,35.4026845637584,total,12
2009-01-01,41.6393442622951,total,12
2009-02-01,42.4193548387097,total,12
2009-03-01,41.522491349481,total,12
2009-04-01,50.5190311418685,total,12
2009-05-01,66.4451827242525,total,12
2009-06-01,67.9442508710801,total,12
2009-07-01,71.1832061068702,total,12
2009-08-01,75.4716981132076,total,12
2009-09-01,77.719298245614,total,12
2009-10-01,79.8,total,12
2009-11-01,81.1746987951807,total,12
2009-12-01,84.5890410958904,total,12
2010-01-01,86.6336633663366,total,12
2010-02-01,85.15625,total,12
2010-03-01,83.8487972508591,total,12
2010-04-01,83.974358974359,total,12
2010-05-01,79.3624161073825,total,12
2010-06-01,81.8681318681319,total,12
2010-07-01,80.7291666666667,total,12
2010-08-01,77.7210884353742,total,12
2010-09-01,77.7003484320558,total,12
2010-10-01,78.839590443686,total,12
2010-11-01,77.6785714285714,total,12
2010-12-01,74.5353159851301,total,12
2011-01-01,75.0943396226415,total,12
2011-02-01,75.1824817518248,total,12
2011-03-01,73.2209737827715,total,12
2011-04-01,51.1513157894737,total,12
2011-05-01,56.7340067340067,total,12
2011-06-01,52.6595744680851,total,12
2011-07-01,57.0175438596491,total,12
2011-08-01,54.3010752688172,total,12
2011-09-01,55.5363321799308,total,12
2011-10-01,60.9433962264151,total,12
2011-11-01,60.5,total,12
2011-12-01,59.4276094276094,total,12
2012-01-01,62.1666666666667,total,12
2012-02-01,66.7741935483871,total,12
2012-03-01,70.7936507936508,total,12
2012-04-01,73.4797297297297,total,12
2012-05-01,67.4041297935103,total,12
2012-06-01,64.5251396648045,total,12
2012-07-01,62.4657534246575,total,12
2012-08-01,63.4069400630915,total,12
2012-09-01,66.2379421221865,total,12
2012-10-01,67.192429022082,total,12
2012-11-01,68.3844011142061,total,12
2012-12-01,72.5961538461538,total,12
2013-01-01,74.6056782334385,total,12
2013-02-01,74.5398773006135,total,12
2013-03-01,71.9155844155844,total,12
2013-04-01,64.4557823129252,total,12
2013-05-01,57.4137931034483,total,12
2013-06-01,55.4054054054054,total,12
2013-07-01,53.6624203821656,total,12
2013-08-01,52.2222222222222,total,12
2013-09-01,60.6583072100314,total,12
2013-10-01,61.5873015873016,total,12
2013-11-01,64.1337386018237,total,12
2013-12-01,65.7643312101911,total,12
2014-01-01,67.0028818443804,total,12
2014-02-01,66.1383285302594,total,12
2014-03-01,58.6455331412104,total,12
2014-04-01,60.9065155807365,total,12
2014-05-01,58.9430894308943,total,12
2014-06-01,57.8125,total,12
2014-07-01,60.8108108108108,total,12
2014-08-01,60.3107344632768,total,12
2014-09-01,64.1104294478528,total,12
2014-10-01,63.855421686747,total,12
2014-11-01,62.9337539432177,total,12
2014-12-01,63.1268436578171,total,12
2015-01-01,65.1898734177215,total,12
2015-02-01,60.5345911949686,total,12
2015-03-01,56.0606060606061,total,12
2015-04-01,55.5397727272727,total,12
2015-05-01,53.8352272727273,total,12
2015-06-01,55.4140127388535,total,12
2015-07-01,54.0575916230367,total,12
2015-08-01,49.2628992628993,total,12
2015-09-01,50.6393861892583,total,12
2015-10-01,53.1428571428572,total,12
2015-11-01,55.1319648093842,total,12
2015-12-01,56.0055865921788,total,12
2016-01-01,56.0906515580737,total,12
2016-02-01,59.0782122905028,total,12
2016-03-01,59.5890410958904,total,12
2016-04-01,67.5561797752809,total,12
2016-05-01,66.5311653116531,total,12
2016-06-01,67.9597701149425,total,12
2016-07-01,74.5879120879121,total,12
2016-08-01,74.7774480712166,total,12
2016-09-01,75.0759878419453,total,12
2016-10-01,74.3034055727554,total,12
2016-11-01,73.1988472622478,total,12
2016-12-01,70.1428571428572,total,12
2017-01-01,67.9525222551929,total,12
2017-02-01,65.9810126582278,total,12
2017-03-01,58.0792682926829,total,12
2017-04-01,66.3608562691131,total,12
2017-05-01,65.2694610778443,total,12
2017-06-01,64.6017684936523,total,12
2017-07-01,68.6468658447266,total,12
2017-08-01,71.044303894043,total,12
2017-09-01,75.5663452148438,total,12
2017-10-01,77.4509811401367,total,12
2017-11-01,76.101692199707,total,12
2017-12-01,68.9768981933594,total,12
2018-01-01,70.7272720336914,total,12
2018-02-01,63.5531120300293,total,12
2018-03-01,66.0839157104492,total,12
2018-04-01,69.2170791625977,total,12
2018-05-01,70.3278656005859,total,12
2018-06-01,68.668830871582,total,12
2018-07-01,68.6006851196289,total,12
2018-08-01,69.9335556030273,total,12
2018-09-01,68.5920562744141,total,12
2018-10-01,64.612678527832,total,12
2018-11-01,67.7474365234375,total,12
2018-12-01,70.2755889892578,total,12
2019-01-01,69.4158096313477,total,12
2019-02-01,69.5422515869141,total,12
2019-03-01,69.9626846313477,total,12
2019-04-01,66.9090881347656,total,12
2019-05-01,62.7946128845215,total,12
2019-06-01,59.3537406921387,total,12
2019-07-01,57.9113922119141,total,12
2019-08-01,53.3898315429688,total,12
2019-09-01,57.4013175964355,total,12
2019-10-01,57.4007225036621,total,12
2019-11-01,60.4651145935059,total,12
2019-12-01,61.4726028442383,total,12
2020-01-01,61.3268623352051,total,12
2020-02-01,56.7796592712402,total,12
2020-03-01,41.544116973877,total,12
2020-04-01,30.446928024292,total,12
2020-05-01,38.0769233703613,total,12
2020-06-01,53.125,total,12
2020-07-01,53.5185203552246,total,12
2020-08-01,57.9861106872559,total,12
2020-09-01,66.2116040955631,total,12
2020-10-01,68.4859154929577,total,12
2020-11-01,69.3140794223827,total,12
2020-12-01,65.4255319148936,total,12
2021-01-01,61.1111111111111,total,12
2021-02-01,60.7272727272727,total,12
2021-03-01,65.6363636363636,total,12
2021-04-01,51.551724137931,total,12
2021-05-01,55,total,12
2021-06-01,47.0472440944882,total,12
2021-07-01,47.962962962963,total,12
2021-08-01,43.4782608695652,total,12
2021-09-01,44.5283018867925,total,12
2021-10-01,50.968992248062,total,12
2021-11-01,47.3180076628352,total,12
2021-12-01,48.6166007905138,total,12
2022-01-01,55.1056338028169,total,12
2022-02-01,52.7272727272727,total,12
2022-03-01,46.6911764705882,total,12
2022-04-01,40.2621722846442,total,12
2022-05-01,42.2794117647059,total,12
2022-06-01,40.4580152671756,total,12
2022-07-01,42.9924242424242,total,12
2022-08-01,42.6415094339623,total,12
2022-09-01,42.8571428571428,total,12
2022-10-01,43.4944237918216,total,12
2022-11-01,43.3212996389892,total,12
2022-12-01,53.9772727272727,total,12
2023-01-01,46.6292134831461,total,12
2023-02-01,51.8867924528302,total,12
2010-01-01,68.4210526315789,mineria,03
2010-02-01,70.5882352941176,mineria,03
2010-03-01,60,mineria,03
2010-04-01,76.6666666666667,mineria,03
2010-05-01,62.5,mineria,03
2010-06-01,69.2307692307692,mineria,03
2010-07-01,67.8571428571429,mineria,03
2010-08-01,61.7647058823529,mineria,03
2010-09-01,71.875,mineria,03
2010-10-01,75,mineria,03
2010-11-01,68.75,mineria,03
2010-12-01,69.2307692307692,mineria,03
2011-01-01,61.5384615384615,mineria,03
2011-02-01,50,mineria,03
2011-03-01,53.125,mineria,03
2011-04-01,31.25,mineria,03
2011-05-01,46.4285714285714,mineria,03
2011-06-01,34.375,mineria,03
2011-07-01,43.3333333333333,mineria,03
2011-08-01,27.7777777777778,mineria,03
2011-09-01,37.5,mineria,03
2011-10-01,46.6666666666667,mineria,03
2011-11-01,53.125,mineria,03
2011-12-01,42.5,mineria,03
2012-01-01,42.5,mineria,03
2012-02-01,52.7777777777778,mineria,03
2012-03-01,54.5454545454545,mineria,03
2012-04-01,59.375,mineria,03
2012-05-01,52.3809523809524,mineria,03
2012-06-01,52.1739130434783,mineria,03
2012-07-01,52.1739130434783,mineria,03
2012-08-01,46.4285714285714,mineria,03
2012-09-01,52.9411764705882,mineria,03
2012-10-01,57.8947368421053,mineria,03
2012-11-01,57.1428571428571,mineria,03
2012-12-01,57.5,mineria,03
2013-01-01,60,mineria,03
2013-02-01,60.5263157894737,mineria,03
2013-03-01,64.7058823529412,mineria,03
2013-04-01,47.5,mineria,03
2013-05-01,40,mineria,03
2013-06-01,45,mineria,03
2013-07-01,28.5714285714286,mineria,03
2013-08-01,30,mineria,03
2013-09-01,44.1176470588235,mineria,03
2013-10-01,41.6666666666667,mineria,03
2013-11-01,40.4761904761905,mineria,03
2013-12-01,47.0588235294118,mineria,03
2014-01-01,47.5,mineria,03
2014-02-01,44.1176470588235,mineria,03
2014-03-01,40.4761904761905,mineria,03
2014-04-01,47.2222222222222,mineria,03
2014-05-01,42.1052631578947,mineria,03
2014-06-01,47.0588235294118,mineria,03
2014-07-01,52.6315789473684,mineria,03
2014-08-01,39.4736842105263,mineria,03
2014-09-01,47.3684210526316,mineria,03
2014-10-01,50,mineria,03
2014-11-01,42.1052631578947,mineria,03
2014-12-01,50,mineria,03
2015-01-01,47.6190476190476,mineria,03
2015-02-01,47.3684210526316,mineria,03
2015-03-01,44,mineria,03
2015-04-01,40,mineria,03
2015-05-01,38.6363636363636,mineria,03
2015-06-01,50,mineria,03
2015-07-01,42.3076923076923,mineria,03
2015-08-01,44.4444444444444,mineria,03
2015-09-01,38.8888888888889,mineria,03
2015-10-01,34.7826086956522,mineria,03
2015-11-01,44,mineria,03
2015-12-01,42.5,mineria,03
2016-01-01,32.6086956521739,mineria,03
2016-02-01,46,mineria,03
2016-03-01,43.75,mineria,03
2016-04-01,47.8260869565217,mineria,03
2016-05-01,42.8571428571429,mineria,03
2016-06-01,50,mineria,03
2016-07-01,52.1739130434783,mineria,03
2016-08-01,61.3636363636364,mineria,03
2016-09-01,60.8695652173913,mineria,03
2016-10-01,60,mineria,03
2016-11-01,52.5,mineria,03
2016-12-01,50,mineria,03
2017-01-01,52.2727272727273,mineria,03
2017-02-01,59.5238095238095,mineria,03
2017-03-01,34.7826086956522,mineria,03
2017-04-01,50,mineria,03
2017-05-01,56.25,mineria,03
2017-06-01,50,mineria,03
2017-07-01,47.6190476190476,mineria,03
2017-08-01,59.0909090909091,mineria,03
2017-09-01,54.5454545454545,mineria,03
2017-10-01,63.0434782608696,mineria,03
2017-11-01,52.6315789473684,mineria,03
2017-12-01,47.6190476190476,mineria,03
2018-01-01,47.5,mineria,03
2018-02-01,52.2727272727273,mineria,03
2018-03-01,55.8823529411765,mineria,03
2018-04-01,61.1111111111111,mineria,03
2018-05-01,52.3809523809524,mineria,03
2018-06-01,50,mineria,03
2018-07-01,55.5555555555556,mineria,03
2018-08-01,52.5,mineria,03
2018-09-01,40,mineria,03
2018-10-01,34.2105263157895,mineria,03
2018-11-01,50,mineria,03
2018-12-01,46.875,mineria,03
2019-01-01,47.5,mineria,03
2019-02-01,53.125,mineria,03
2019-03-01,55,mineria,03
2019-04-01,52.5,mineria,03
2019-05-01,50,mineria,03
2019-06-01,52.3809523809524,mineria,03
2019-07-01,50,mineria,03
2019-08-01,40,mineria,03
2019-09-01,39.4736842105263,mineria,03
2019-10-01,38.2352941176471,mineria,03
2019-11-01,50,mineria,03
2019-12-01,50,mineria,03
2020-01-01,54.3478260869565,mineria,03
2020-02-01,50,mineria,03
2020-03-01,31.8181818181818,mineria,03
2020-04-01,9.375,mineria,03
2020-05-01,15.7894736842105,mineria,03
2020-06-01,32.3529411764706,mineria,03
2020-07-01,50,mineria,03
2020-08-01,39.5833333333333,mineria,03
2020-09-01,47.8260869565217,mineria,03
2020-10-01,55.5555555555556,mineria,03
2020-11-01,50,mineria,03
2020-12-01,30,mineria,03
2021-01-01,40.9090909090909,mineria,03
2021-02-01,43.1818181818182,mineria,03
2021-03-01,54.7619047619048,mineria,03
2021-04-01,36.8421052631579,mineria,03
2021-05-01,37.5,mineria,03
2021-06-01,35,mineria,03
2021-07-01,37.5,mineria,03
2021-08-01,26.4705882352941,mineria,03
2021-09-01,34.2105263157895,mineria,03
2021-10-01,40,mineria,03
2021-11-01,22.9166666666667,mineria,03
2021-12-01,45,mineria,03
2022-01-01,37.5,mineria,03
2022-02-01,45.6521739130435,mineria,03
2022-03-01,32,mineria,03
2022-04-01,31.8181818181818,mineria,03
2022-05-01,39.1304347826087,mineria,03
2022-06-01,33.3333333333333,mineria,03
2022-07-01,29.1666666666667,mineria,03
2022-08-01,32.6086956521739,mineria,03
2022-09-01,30.4347826086957,mineria,03
2022-10-01,37.5,mineria,03
2022-11-01,30.9523809523809,mineria,03
2022-12-01,45.4545454545455,mineria,03
2023-01-01,30,mineria,03
2023-02-01,28.5714285714286,mineria,03
2010-01-01,86.8421052631579,mineria,12
2010-02-01,82.3529411764706,mineria,12
2010-03-01,80,mineria,12
2010-04-01,83.3333333333333,mineria,12
2010-05-01,68.75,mineria,12
2010-06-01,80.7692307692308,mineria,12
2010-07-01,85.7142857142857,mineria,12
2010-08-01,70.5882352941176,mineria,12
2010-09-01,71.875,mineria,12
2010-10-01,73.3333333333333,mineria,12
2010-11-01,64.7058823529412,mineria,12
2010-12-01,65.3846153846154,mineria,12
2011-01-01,65.3846153846154,mineria,12
2011-02-01,53.125,mineria,12
2011-03-01,61.7647058823529,mineria,12
2011-04-01,25,mineria,12
2011-05-01,53.8461538461538,mineria,12
2011-06-01,40.625,mineria,12
2011-07-01,36.6666666666667,mineria,12
2011-08-01,36.1111111111111,mineria,12
2011-09-01,35,mineria,12
2011-10-01,40,mineria,12
2011-11-01,43.75,mineria,12
2011-12-01,42.1052631578947,mineria,12
2012-01-01,45,mineria,12
2012-02-01,63.8888888888889,mineria,12
2012-03-01,65.9090909090909,mineria,12
2012-04-01,68.75,mineria,12
2012-05-01,57.1428571428571,mineria,12
2012-06-01,58.695652173913,mineria,12
2012-07-01,65.2173913043478,mineria,12
2012-08-01,53.5714285714286,mineria,12
2012-09-01,62.5,mineria,12
2012-10-01,50,mineria,12
2012-11-01,57.1428571428571,mineria,12
2012-12-01,60,mineria,12
2013-01-01,60,mineria,12
2013-02-01,60.5263157894737,mineria,12
2013-03-01,55.8823529411765,mineria,12
2013-04-01,42.5,mineria,12
2013-05-01,50,mineria,12
2013-06-01,50,mineria,12
2013-07-01,35.7142857142857,mineria,12
2013-08-01,33.3333333333333,mineria,12
2013-09-01,53.125,mineria,12
2013-10-01,44.4444444444444,mineria,12
2013-11-01,54.7619047619048,mineria,12
2013-12-01,52.9411764705882,mineria,12
2014-01-01,52.2727272727273,mineria,12
2014-02-01,55.8823529411765,mineria,12
2014-03-01,45,mineria,12
2014-04-01,52.9411764705882,mineria,12
2014-05-01,42.1052631578947,mineria,12
2014-06-01,58.8235294117647,mineria,12
2014-07-01,60.5263157894737,mineria,12
2014-08-01,55.2631578947368,mineria,12
2014-09-01,52.6315789473684,mineria,12
2014-10-01,60,mineria,12
2014-11-01,63.1578947368421,mineria,12
2014-12-01,65.7894736842105,mineria,12
2015-01-01,52.3809523809524,mineria,12
2015-02-01,45.2380952380952,mineria,12
2015-03-01,48,mineria,12
2015-04-01,52.6315789473684,mineria,12
2015-05-01,52.2727272727273,mineria,12
2015-06-01,54.5454545454545,mineria,12
2015-07-01,51.9230769230769,mineria,12
2015-08-01,51.8518518518518,mineria,12
2015-09-01,44.4444444444444,mineria,12
2015-10-01,54.5454545454545,mineria,12
2015-11-01,48,mineria,12
2015-12-01,42.5,mineria,12
2016-01-01,45.6521739130435,mineria,12
2016-02-01,53.8461538461538,mineria,12
2016-03-01,50,mineria,12
2016-04-01,58.3333333333333,mineria,12
2016-05-01,57.1428571428571,mineria,12
2016-06-01,65.7894736842105,mineria,12
2016-07-01,65.2173913043478,mineria,12
2016-08-01,70.4545454545455,mineria,12
2016-09-01,77.0833333333333,mineria,12
2016-10-01,75,mineria,12
2016-11-01,72.5,mineria,12
2016-12-01,65.2173913043478,mineria,12
2017-01-01,63.6363636363636,mineria,12
2017-02-01,62.5,mineria,12
2017-03-01,50,mineria,12
2017-04-01,56.25,mineria,12
2017-05-01,56.25,mineria,12
2017-06-01,55,mineria,12
2017-07-01,55.2631578947368,mineria,12
2017-08-01,65,mineria,12
2017-09-01,62.5,mineria,12
2017-10-01,80,mineria,12
2017-11-01,67.8571428571429,mineria,12
2017-12-01,55.2631578947368,mineria,12
2018-01-01,63.1578947368421,mineria,12
2018-02-01,62.5,mineria,12
2018-03-01,66.6666666666667,mineria,12
2018-04-01,70,mineria,12
2018-05-01,66.6666666666667,mineria,12
2018-06-01,61.7647058823529,mineria,12
2018-07-01,62.5,mineria,12
2018-08-01,58.3333333333333,mineria,12
2018-09-01,56.25,mineria,12
2018-10-01,55.5555555555556,mineria,12
2018-11-01,70,mineria,12
2018-12-01,60,mineria,12
2019-01-01,63.1578947368421,mineria,12
2019-02-01,60.7142857142857,mineria,12
2019-03-01,67.5,mineria,12
2019-04-01,71.0526315789474,mineria,12
2019-05-01,64.7058823529412,mineria,12
2019-06-01,60.5263157894737,mineria,12
2019-07-01,61.1111111111111,mineria,12
2019-08-01,52.9411764705882,mineria,12
2019-09-01,58.8235294117647,mineria,12
2019-10-01,56.6666666666667,mineria,12
2019-11-01,63.8888888888889,mineria,12
2019-12-01,61.1111111111111,mineria,12
2020-01-01,61.3636363636364,mineria,12
2020-02-01,62.5,mineria,12
2020-03-01,33.3333333333333,mineria,12
2020-04-01,43.3333333333333,mineria,12
2020-05-01,35.2941176470588,mineria,12
2020-06-01,61.7647058823529,mineria,12
2020-07-01,66.6666666666667,mineria,12
2020-08-01,54.5454545454545,mineria,12
2020-09-01,65.2173913043478,mineria,12
2020-10-01,65.625,mineria,12
2020-11-01,58.3333333333333,mineria,12
2020-12-01,47.5,mineria,12
2021-01-01,57.1428571428571,mineria,12
2021-02-01,52.3809523809524,mineria,12
2021-03-01,62.5,mineria,12
2021-04-01,34.2105263157895,mineria,12
2021-05-01,47.5,mineria,12
2021-06-01,39.4736842105263,mineria,12
2021-07-01,32.5,mineria,12
2021-08-01,35.2941176470588,mineria,12
2021-09-01,36.1111111111111,mineria,12
2021-10-01,37.5,mineria,12
2021-11-01,33.3333333333333,mineria,12
2021-12-01,45,mineria,12
2022-01-01,37.5,mineria,12
2022-02-01,52.1739130434783,mineria,12
2022-03-01,44,mineria,12
2022-04-01,33.3333333333333,mineria,12
2022-05-01,36.3636363636364,mineria,12
2022-06-01,36.1111111111111,mineria,12
2022-07-01,39.5833333333333,mineria,12
2022-08-01,36.9565217391304,mineria,12
2022-09-01,30.9523809523809,mineria,12
2022-10-01,40,mineria,12
2022-11-01,40,mineria,12
2022-12-01,45,mineria,12
2023-01-01,42.1052631578947,mineria,12
2023-02-01,40,mineria,12
2010-01-01,69.758064516129,manufactura,03
2010-02-01,71.3178294573643,manufactura,03
2010-03-01,70,manufactura,03
2010-04-01,73.2824427480916,manufactura,03
2010-05-01,69.4214876033058,manufactura,03
2010-06-01,73.2142857142857,manufactura,03
2010-07-01,70.1680672268908,manufactura,03
2010-08-01,72.8346456692913,manufactura,03
2010-09-01,72.8,manufactura,03
2010-10-01,69.6850393700787,manufactura,03
2010-11-01,67.9824561403509,manufactura,03
2010-12-01,68.3760683760684,manufactura,03
2011-01-01,65.4867256637168,manufactura,03
2011-02-01,65.1260504201681,manufactura,03
2011-03-01,65.3153153153153,manufactura,03
2011-04-01,47.6377952755905,manufactura,03
2011-05-01,46.031746031746,manufactura,03
2011-06-01,48.2456140350877,manufactura,03
2011-07-01,52.1739130434783,manufactura,03
2011-08-01,49.5726495726496,manufactura,03
2011-09-01,54.5454545454545,manufactura,03
2011-10-01,57.2072072072072,manufactura,03
2011-11-01,55.241935483871,manufactura,03
2011-12-01,54.9180327868852,manufactura,03
2012-01-01,54.9180327868852,manufactura,03
2012-02-01,56.5891472868217,manufactura,03
2012-03-01,61.6935483870968,manufactura,03
2012-04-01,62.9166666666667,manufactura,03
2012-05-01,57.7519379844961,manufactura,03
2012-06-01,55.0387596899225,manufactura,03
2012-07-01,55.078125,manufactura,03
2012-08-01,58.0188679245283,manufactura,03
2012-09-01,61.1607142857143,manufactura,03
2012-10-01,63.6363636363636,manufactura,03
2012-11-01,63.4146341463415,manufactura,03
2012-12-01,62.7272727272727,manufactura,03
2013-01-01,62.8440366972477,manufactura,03
2013-02-01,63.0630630630631,manufactura,03
2013-03-01,61.9266055045872,manufactura,03
2013-04-01,56.6037735849057,manufactura,03
2013-05-01,53.921568627451,manufactura,03
2013-06-01,48.5849056603774,manufactura,03
2013-07-01,50.9708737864078,manufactura,03
2013-08-01,42.8571428571429,manufactura,03
2013-09-01,56.5656565656566,manufactura,03
2013-10-01,54.0540540540541,manufactura,03
2013-11-01,53.3653846153846,manufactura,03
2013-12-01,56.4356435643564,manufactura,03
2014-01-01,55.607476635514,manufactura,03
2014-02-01,62.1739130434783,manufactura,03
2014-03-01,55.9090909090909,manufactura,03
2014-04-01,53.5087719298246,manufactura,03
2014-05-01,53.9473684210526,manufactura,03
2014-06-01,47.7477477477478,manufactura,03
2014-07-01,46.2264150943396,manufactura,03
2014-08-01,48.2142857142857,manufactura,03
2014-09-01,54.3269230769231,manufactura,03
2014-10-01,49.0990990990991,manufactura,03
2014-11-01,53.3980582524272,manufactura,03
2014-12-01,51.8348623853211,manufactura,03
2015-01-01,54.6296296296296,manufactura,03
2015-02-01,52.7027027027027,manufactura,03
2015-03-01,52.9411764705882,manufactura,03
2015-04-01,48.4615384615385,manufactura,03
2015-05-01,47.8102189781022,manufactura,03
2015-06-01,51.8939393939394,manufactura,03
2015-07-01,48.9655172413793,manufactura,03
2015-08-01,42.9487179487179,manufactura,03
2015-09-01,44.5578231292517,manufactura,03
2015-10-01,47.9020979020979,manufactura,03
2015-11-01,45.0354609929078,manufactura,03
2015-12-01,45.6834532374101,manufactura,03
2016-01-01,44.6043165467626,manufactura,03
2016-02-01,46.830985915493,manufactura,03
2016-03-01,47.0802919708029,manufactura,03
2016-04-01,54,manufactura,03
2016-05-01,53.6496350364963,manufactura,03
2016-06-01,53.4351145038168,manufactura,03
2016-07-01,56.9852941176471,manufactura,03
2016-08-01,56.3492063492063,manufactura,03
2016-09-01,60.9848484848485,manufactura,03
2016-10-01,59.0163934426229,manufactura,03
2016-11-01,57.9545454545455,manufactura,03
2016-12-01,56.7164179104478,manufactura,03
2017-01-01,55.2845528455285,manufactura,03
2017-02-01,53.3613445378151,manufactura,03
2017-03-01,43.1623931623932,manufactura,03
2017-04-01,53.3834586466166,manufactura,03
2017-05-01,54.8951048951049,manufactura,03
2017-06-01,54.7297297297297,manufactura,03
2017-07-01,53.7931034482759,manufactura,03
2017-08-01,57.4468085106383,manufactura,03
2017-09-01,61.1464968152866,manufactura,03
2017-10-01,64.2857142857143,manufactura,03
2017-11-01,65.1724137931034,manufactura,03
2017-12-01,53.7931034482759,manufactura,03
2018-01-01,59.469696969697,manufactura,03
2018-02-01,56.5384615384615,manufactura,03
2018-03-01,54.3478260869565,manufactura,03
2018-04-01,58.695652173913,manufactura,03
2018-05-01,60.3896103896104,manufactura,03
2018-06-01,58.4967320261438,manufactura,03
2018-07-01,58.4507042253521,manufactura,03
2018-08-01,55.7823129251701,manufactura,03
2018-09-01,53.125,manufactura,03
2018-10-01,52.962962962963,manufactura,03
2018-11-01,54.1666666666667,manufactura,03
2018-12-01,56.5040650406504,manufactura,03
2019-01-01,59.469696969697,manufactura,03
2019-02-01,59.9290780141844,manufactura,03
2019-03-01,60.2272727272727,manufactura,03
2019-04-01,54.5454545454545,manufactura,03
2019-05-01,52.6845637583893,manufactura,03
2019-06-01,51.4184397163121,manufactura,03
2019-07-01,50.354609929078,manufactura,03
2019-08-01,44.0559440559441,manufactura,03
2019-09-01,46.1538461538462,manufactura,03
2019-10-01,46.1832061068702,manufactura,03
2019-11-01,49.3055555555556,manufactura,03
2019-12-01,51.1450381679389,manufactura,03
2020-01-01,50.3846153846154,manufactura,03
2020-02-01,48.5185185185185,manufactura,03
2020-03-01,25.4716981132076,manufactura,03
2020-04-01,7.14285714285715,manufactura,03
2020-05-01,15.0943396226415,manufactura,03
2020-06-01,29.2792792792793,manufactura,03
2020-07-01,37.9464285714286,manufactura,03
2020-08-01,40.5172413793103,manufactura,03
2020-09-01,50,manufactura,03
2020-10-01,48.7903225806452,manufactura,03
2020-11-01,55.0420168067227,manufactura,03
2020-12-01,52.1929824561403,manufactura,03
2021-01-01,43.9252336448598,manufactura,03
2021-02-01,45.8333333333333,manufactura,03
2021-03-01,49.5726495726496,manufactura,03
2021-04-01,41.1290322580645,manufactura,03
2021-05-01,45.8677685950413,manufactura,03
2021-06-01,41.0891089108911,manufactura,03
2021-07-01,42.5233644859813,manufactura,03
2021-08-01,34.070796460177,manufactura,03
2021-09-01,35.2678571428571,manufactura,03
2021-10-01,46.6981132075472,manufactura,03
2021-11-01,44.5454545454545,manufactura,03
2021-12-01,40.7766990291262,manufactura,03
2022-01-01,47.0588235294118,manufactura,03
2022-02-01,47.7064220183486,manufactura,03
2022-03-01,41.9811320754717,manufactura,03
2022-04-01,39.1089108910891,manufactura,03
2022-05-01,39.5238095238095,manufactura,03
2022-06-01,40.7766990291262,manufactura,03
2022-07-01,37.1287128712871,manufactura,03
2022-08-01,39.7058823529412,manufactura,03
2022-09-01,37.6106194690266,manufactura,03
2022-10-01,36.6666666666667,manufactura,03
2022-11-01,37.5,manufactura,03
2022-12-01,40.1041666666667,manufactura,03
2023-01-01,33.3333333333333,manufactura,03
2023-02-01,42.8571428571429,manufactura,03
2010-01-01,85.4838709677419,manufactura,12
2010-02-01,86.4341085271318,manufactura,12
2010-03-01,85.593220338983,manufactura,12
2010-04-01,82.6923076923077,manufactura,12
2010-05-01,77.6859504132232,manufactura,12
2010-06-01,81.981981981982,manufactura,12
2010-07-01,77.3109243697479,manufactura,12
2010-08-01,77.4193548387097,manufactura,12
2010-09-01,76.2096774193548,manufactura,12
2010-10-01,77.1653543307087,manufactura,12
2010-11-01,78.3185840707965,manufactura,12
2010-12-01,75.4237288135593,manufactura,12
2011-01-01,76.9911504424779,manufactura,12
2011-02-01,76.25,manufactura,12
2011-03-01,71.4285714285714,manufactura,12
2011-04-01,51.9685039370079,manufactura,12
2011-05-01,56.0483870967742,manufactura,12
2011-06-01,50.8771929824561,manufactura,12
2011-07-01,57.8260869565217,manufactura,12
2011-08-01,50.8695652173913,manufactura,12
2011-09-01,55,manufactura,12
2011-10-01,57.7272727272727,manufactura,12
2011-11-01,56.4516129032258,manufactura,12
2011-12-01,55.8333333333333,manufactura,12
2012-01-01,57.3170731707317,manufactura,12
2012-02-01,63.5658914728682,manufactura,12
2012-03-01,67.479674796748,manufactura,12
2012-04-01,70.4166666666667,manufactura,12
2012-05-01,63.5658914728682,manufactura,12
2012-06-01,61.8110236220472,manufactura,12
2012-07-01,60.15625,manufactura,12
2012-08-01,58.9622641509434,manufactura,12
2012-09-01,64.6017699115044,manufactura,12
2012-10-01,67.8899082568807,manufactura,12
2012-11-01,63.6363636363636,manufactura,12
2012-12-01,68.8073394495413,manufactura,12
2013-01-01,72.9357798165138,manufactura,12
2013-02-01,70.2702702702703,manufactura,12
2013-03-01,69.4444444444444,manufactura,12
2013-04-01,61.9047619047619,manufactura,12
2013-05-01,55.940594059406,manufactura,12
2013-06-01,52.3584905660377,manufactura,12
2013-07-01,52.4038461538462,manufactura,12
2013-08-01,50,manufactura,12
2013-09-01,56.7307692307692,manufactura,12
2013-10-01,56.0747663551402,manufactura,12
2013-11-01,61.8811881188119,manufactura,12
2013-12-01,63.4020618556701,manufactura,12
2014-01-01,64.9532710280374,manufactura,12
2014-02-01,64.9122807017544,manufactura,12
2014-03-01,55.9633027522936,manufactura,12
2014-04-01,56.25,manufactura,12
2014-05-01,57.8947368421053,manufactura,12
2014-06-01,53.6036036036036,manufactura,12
2014-07-01,54.8543689320388,manufactura,12
2014-08-01,57.1428571428571,manufactura,12
2014-09-01,62.5,manufactura,12
2014-10-01,60.3603603603604,manufactura,12
2014-11-01,57.6190476190476,manufactura,12
2014-12-01,60.2678571428571,manufactura,12
2015-01-01,66.9811320754717,manufactura,12
2015-02-01,61.3636363636364,manufactura,12
2015-03-01,59.8360655737705,manufactura,12
2015-04-01,55.7251908396947,manufactura,12
2015-05-01,55.1470588235294,manufactura,12
2015-06-01,55.4263565891473,manufactura,12
2015-07-01,55.9027777777778,manufactura,12
2015-08-01,49.3630573248408,manufactura,12
2015-09-01,51.6891891891892,manufactura,12
2015-10-01,53.1914893617021,manufactura,12
2015-11-01,53.2846715328467,manufactura,12
2015-12-01,56.4748201438849,manufactura,12
2016-01-01,55.1094890510949,manufactura,12
2016-02-01,56.4285714285714,manufactura,12
2016-03-01,59.2198581560284,manufactura,12
2016-04-01,64.3939393939394,manufactura,12
2016-05-01,63.6363636363636,manufactura,12
2016-06-01,65.530303030303,manufactura,12
2016-07-01,69.7080291970803,manufactura,12
2016-08-01,70.7317073170732,manufactura,12
2016-09-01,71.8045112781955,manufactura,12
2016-10-01,71.031746031746,manufactura,12
2016-11-01,69.6969696969697,manufactura,12
2016-12-01,70.3846153846154,manufactura,12
2017-01-01,68.4426229508197,manufactura,12
2017-02-01,62.8099173553719,manufactura,12
2017-03-01,57.5,manufactura,12
2017-04-01,66.4179104477612,manufactura,12
2017-05-01,66.5492957746479,manufactura,12
2017-06-01,67.1328671328671,manufactura,12
2017-07-01,68.8,manufactura,12
2017-08-01,72.3577235772358,manufactura,12
2017-09-01,74.21875,manufactura,12
2017-10-01,77.3809523809524,manufactura,12
2017-11-01,77.5590551181102,manufactura,12
2017-12-01,68.8,manufactura,12
2018-01-01,70.4166666666667,manufactura,12
2018-02-01,65.1785714285714,manufactura,12
2018-03-01,63.4453781512605,manufactura,12
2018-04-01,69.3548387096774,manufactura,12
2018-05-01,70.2205882352941,manufactura,12
2018-06-01,65.9420289855072,manufactura,12
2018-07-01,66.6666666666667,manufactura,12
2018-08-01,67.6691729323308,manufactura,12
2018-09-01,66.9354838709677,manufactura,12
2018-10-01,65.0406504065041,manufactura,12
2018-11-01,65.3543307086614,manufactura,12
2018-12-01,68.018018018018,manufactura,12
2019-01-01,70.4166666666667,manufactura,12
2019-02-01,68.8976377952756,manufactura,12
2019-03-01,70.6140350877193,manufactura,12
2019-04-01,66.9491525423729,manufactura,12
2019-05-01,62.1212121212121,manufactura,12
2019-06-01,60.4838709677419,manufactura,12
2019-07-01,59.6153846153846,manufactura,12
2019-08-01,53.2258064516129,manufactura,12
2019-09-01,55.1587301587302,manufactura,12
2019-10-01,54.8245614035088,manufactura,12
2019-11-01,58.7301587301587,manufactura,12
2019-12-01,60.1694915254237,manufactura,12
2020-01-01,58.4070796460177,manufactura,12
2020-02-01,57.2033898305085,manufactura,12
2020-03-01,42.5531914893617,manufactura,12
2020-04-01,28.90625,manufactura,12
2020-05-01,40.5263157894737,manufactura,12
2020-06-01,54.3689320388349,manufactura,12
2020-07-01,56.7307692307692,manufactura,12
2020-08-01,63.302752293578,manufactura,12
2020-09-01,68.75,manufactura,12
2020-10-01,70.5357142857143,manufactura,12
2020-11-01,72.6415094339623,manufactura,12
2020-12-01,66.6666666666667,manufactura,12
2021-01-01,63.9175257731959,manufactura,12
2021-02-01,65.4639175257732,manufactura,12
2021-03-01,66.2037037037037,manufactura,12
2021-04-01,54.5045045045045,manufactura,12
2021-05-01,56.8181818181818,manufactura,12
2021-06-01,50.531914893617,manufactura,12
2021-07-01,48.5148514851485,manufactura,12
2021-08-01,45.045045045045,manufactura,12
2021-09-01,43.75,manufactura,12
2021-10-01,51.5463917525773,manufactura,12
2021-11-01,51.5151515151515,manufactura,12
2021-12-01,50,manufactura,12
2022-01-01,58.0357142857143,manufactura,12
2022-02-01,55.3398058252427,manufactura,12
2022-03-01,47.979797979798,manufactura,12
2022-04-01,45.7894736842105,manufactura,12
2022-05-01,44.3877551020408,manufactura,12
2022-06-01,40.8163265306122,manufactura,12
2022-07-01,43.6842105263158,manufactura,12
2022-08-01,45.7446808510638,manufactura,12
2022-09-01,46.7289719626168,manufactura,12
2022-10-01,42.4242424242424,manufactura,12
2022-11-01,42.2330097087379,manufactura,12
2022-12-01,52.1505376344086,manufactura,12
2023-01-01,45.5882352941176,manufactura,12
2023-02-01,48.9583333333333,manufactura,12
2010-01-01,75,construccion,03
2010-02-01,76.0869565217391,construccion,03
2010-03-01,77.2727272727273,construccion,03
2010-04-01,73.8095238095238,construccion,03
2010-05-01,72.5,construccion,03
2010-06-01,73.5294117647059,construccion,03
2010-07-01,73.8095238095238,construccion,03
2010-08-01,77.7777777777778,construccion,03
2010-09-01,71.0526315789474,construccion,03
2010-10-01,69.4444444444444,construccion,03
2010-11-01,76.4705882352941,construccion,03
2010-12-01,63.3333333333333,construccion,03
2011-01-01,68.75,construccion,03
2011-02-01,68.4210526315789,construccion,03
2011-03-01,68.4210526315789,construccion,03
2011-04-01,43.1818181818182,construccion,03
2011-05-01,55,construccion,03
2011-06-01,47.7272727272727,construccion,03
2011-07-01,52.9411764705882,construccion,03
2011-08-01,52.3809523809524,construccion,03
2011-09-01,60.5263157894737,construccion,03
2011-10-01,61.7647058823529,construccion,03
2011-11-01,65,construccion,03
2011-12-01,67.5,construccion,03
2012-01-01,65,construccion,03
2012-02-01,61.1111111111111,construccion,03
2012-03-01,63.8888888888889,construccion,03
2012-04-01,63.8888888888889,construccion,03
2012-05-01,62.5,construccion,03
2012-06-01,65,construccion,03
2012-07-01,66.0714285714286,construccion,03
2012-08-01,61.2903225806452,construccion,03
2012-09-01,71.4285714285714,construccion,03
2012-10-01,74.0740740740741,construccion,03
2012-11-01,72.8571428571428,construccion,03
2012-12-01,72.2222222222222,construccion,03
2013-01-01,75,construccion,03
2013-02-01,68.5185185185185,construccion,03
2013-03-01,74.0740740740741,construccion,03
2013-04-01,75,construccion,03
2013-05-01,70.5882352941176,construccion,03
2013-06-01,60,construccion,03
2013-07-01,50,construccion,03
2013-08-01,58.3333333333333,construccion,03
2013-09-01,56.5217391304348,construccion,03
2013-10-01,53.3333333333333,construccion,03
2013-11-01,62.9032258064516,construccion,03
2013-12-01,68.75,construccion,03
2014-01-01,67.5675675675676,construccion,03
2014-02-01,67.1052631578947,construccion,03
2014-03-01,57.5,construccion,03
2014-04-01,53.030303030303,construccion,03
2014-05-01,54.7619047619048,construccion,03
2014-06-01,56.9444444444444,construccion,03
2014-07-01,55.7142857142857,construccion,03
2014-08-01,48.8636363636364,construccion,03
2014-09-01,57.1428571428571,construccion,03
2014-10-01,54.5454545454545,construccion,03
2014-11-01,56.4516129032258,construccion,03
2014-12-01,55.5555555555556,construccion,03
2015-01-01,52.4390243902439,construccion,03
2015-02-01,50,construccion,03
2015-03-01,52.7027027027027,construccion,03
2015-04-01,48.6842105263158,construccion,03
2015-05-01,47.3684210526316,construccion,03
2015-06-01,47.2222222222222,construccion,03
2015-07-01,50,construccion,03
2015-08-01,40.7894736842105,construccion,03
2015-09-01,38.4615384615385,construccion,03
2015-10-01,37.8048780487805,construccion,03
2015-11-01,47.2222222222222,construccion,03
2015-12-01,38.8888888888889,construccion,03
2016-01-01,35.7142857142857,construccion,03
2016-02-01,38.5714285714286,construccion,03
2016-03-01,44.4444444444444,construccion,03
2016-04-01,47.0588235294118,construccion,03
2016-05-01,44.8717948717949,construccion,03
2016-06-01,46.969696969697,construccion,03
2016-07-01,57.3170731707317,construccion,03
2016-08-01,60.8108108108108,construccion,03
2016-09-01,56.0606060606061,construccion,03
2016-10-01,57.1428571428571,construccion,03
2016-11-01,52.5,construccion,03
2016-12-01,48.6486486486487,construccion,03
2017-01-01,54.1666666666667,construccion,03
2017-02-01,47.2222222222222,construccion,03
2017-03-01,46.875,construccion,03
2017-04-01,54.8387096774194,construccion,03
2017-05-01,51.7857142857143,construccion,03
2017-06-01,46.2962962962963,construccion,03
2017-07-01,46.2962962962963,construccion,03
2017-08-01,43.75,construccion,03
2017-09-01,44.4444444444444,construccion,03
2017-10-01,55.7692307692308,construccion,03
2017-11-01,54,construccion,03
2017-12-01,46.2962962962963,construccion,03
2018-01-01,42.8571428571429,construccion,03
2018-02-01,42.3076923076923,construccion,03
2018-03-01,39.2857142857143,construccion,03
2018-04-01,46.1538461538462,construccion,03
2018-05-01,50,construccion,03
2018-06-01,42.5925925925926,construccion,03
2018-07-01,48.2758620689655,construccion,03
2018-08-01,44.4444444444444,construccion,03
2018-09-01,47.9166666666667,construccion,03
2018-10-01,36.5384615384615,construccion,03
2018-11-01,40.7407407407407,construccion,03
2018-12-01,44.7368421052632,construccion,03
2019-01-01,42.8571428571429,construccion,03
2019-02-01,47.7272727272727,construccion,03
2019-03-01,47.7272727272727,construccion,03
2019-04-01,44.2307692307692,construccion,03
2019-05-01,47.9166666666667,construccion,03
2019-06-01,34,construccion,03
2019-07-01,39.2857142857143,construccion,03
2019-08-01,33.9285714285714,construccion,03
2019-09-01,37.9310344827586,construccion,03
2019-10-01,37.5,construccion,03
2019-11-01,39.2857142857143,construccion,03
2019-12-01,45.8333333333333,construccion,03
2020-01-01,46.551724137931,construccion,03
2020-02-01,41.3793103448276,construccion,03
2020-03-01,12.5,construccion,03
2020-04-01,0,construccion,03
2020-05-01,14,construccion,03
2020-06-01,14.5833333333333,construccion,03
2020-07-01,22.9166666666667,construccion,03
2020-08-01,25,construccion,03
2020-09-01,31.25,construccion,03
2020-10-01,38,construccion,03
2020-11-01,30.4347826086957,construccion,03
2020-12-01,36.9565217391304,construccion,03
2021-01-01,30.3571428571429,construccion,03
2021-02-01,37.037037037037,construccion,03
2021-03-01,44.6428571428572,construccion,03
2021-04-01,30.7692307692308,construccion,03
2021-05-01,28,construccion,03
2021-06-01,36.9565217391304,construccion,03
2021-07-01,30.7692307692308,construccion,03
2021-08-01,26,construccion,03
2021-09-01,22.9166666666667,construccion,03
2021-10-01,31.8181818181818,construccion,03
2021-11-01,22.7272727272727,construccion,03
2021-12-01,20,construccion,03
2022-01-01,29.5454545454546,construccion,03
2022-02-01,25,construccion,03
2022-03-01,32.6923076923077,construccion,03
2022-04-01,26,construccion,03
2022-05-01,27.0833333333333,construccion,03
2022-06-01,29.1666666666667,construccion,03
2022-07-01,30,construccion,03
2022-08-01,32.3529411764706,construccion,03
2022-09-01,32.6086956521739,construccion,03
2022-10-01,21.4285714285714,construccion,03
2022-11-01,32.5,construccion,03
2022-12-01,38.0952380952381,construccion,03
2023-01-01,27.5,construccion,03
2023-02-01,39.4736842105263,construccion,03
2010-01-01,87.5,construccion,12
2010-02-01,84.0909090909091,construccion,12
2010-03-01,79.5454545454545,construccion,12
2010-04-01,80.9523809523809,construccion,12
2010-05-01,83.3333333333333,construccion,12
2010-06-01,82.3529411764706,construccion,12
2010-07-01,83.3333333333333,construccion,12
2010-08-01,77.7777777777778,construccion,12
2010-09-01,75,construccion,12
2010-10-01,84.2105263157895,construccion,12
2010-11-01,83.3333333333333,construccion,12
2010-12-01,76.6666666666667,construccion,12
2011-01-01,81.25,construccion,12
2011-02-01,78.9473684210526,construccion,12
2011-03-01,76.3157894736842,construccion,12
2011-04-01,52.3809523809524,construccion,12
2011-05-01,60.5263157894737,construccion,12
2011-06-01,67.5,construccion,12
2011-07-01,58.3333333333333,construccion,12
2011-08-01,54.7619047619048,construccion,12
2011-09-01,63.1578947368421,construccion,12
2011-10-01,66.6666666666667,construccion,12
2011-11-01,77.5,construccion,12
2011-12-01,62.5,construccion,12
2012-01-01,67.5,construccion,12
2012-02-01,66.6666666666667,construccion,12
2012-03-01,61.1111111111111,construccion,12
2012-04-01,73.5294117647059,construccion,12
2012-05-01,67.5,construccion,12
2012-06-01,67.5,construccion,12
2012-07-01,73.2142857142857,construccion,12
2012-08-01,72.5806451612903,construccion,12
2012-09-01,73.2142857142857,construccion,12
2012-10-01,74.0740740740741,construccion,12
2012-11-01,75.7142857142857,construccion,12
2012-12-01,81.4814814814815,construccion,12
2013-01-01,81.8181818181818,construccion,12
2013-02-01,77.7777777777778,construccion,12
2013-03-01,77.7777777777778,construccion,12
2013-04-01,72.7272727272727,construccion,12
2013-05-01,70.5882352941176,construccion,12
2013-06-01,62,construccion,12
2013-07-01,51.7857142857143,construccion,12
2013-08-01,54.1666666666667,construccion,12
2013-09-01,65.2173913043478,construccion,12
2013-10-01,65,construccion,12
2013-11-01,75.8064516129032,construccion,12
2013-12-01,69.6969696969697,construccion,12
2014-01-01,68.9189189189189,construccion,12
2014-02-01,73.0769230769231,construccion,12
2014-03-01,69.7368421052632,construccion,12
2014-04-01,72.5806451612903,construccion,12
2014-05-01,65.8536585365854,construccion,12
2014-06-01,63.8888888888889,construccion,12
2014-07-01,68.5714285714286,construccion,12
2014-08-01,58.3333333333333,construccion,12
2014-09-01,70.8333333333333,construccion,12
2014-10-01,69.6969696969697,construccion,12
2014-11-01,68.3333333333333,construccion,12
2014-12-01,71.4285714285714,construccion,12
2015-01-01,63.4146341463415,construccion,12
2015-02-01,63.1578947368421,construccion,12
2015-03-01,53.9473684210526,construccion,12
2015-04-01,56.4102564102564,construccion,12
2015-05-01,52.7027027027027,construccion,12
2015-06-01,56.9444444444444,construccion,12
2015-07-01,58.974358974359,construccion,12
2015-08-01,46.1538461538462,construccion,12
2015-09-01,46.0526315789474,construccion,12
2015-10-01,48.7179487179487,construccion,12
2015-11-01,60,construccion,12
2015-12-01,54.0540540540541,construccion,12
2016-01-01,54.1666666666667,construccion,12
2016-02-01,61.4285714285714,construccion,12
2016-03-01,62.5,construccion,12
2016-04-01,72.0588235294118,construccion,12
2016-05-01,67.5,construccion,12
2016-06-01,70.8333333333333,construccion,12
2016-07-01,79.4871794871795,construccion,12
2016-08-01,73.0769230769231,construccion,12
2016-09-01,81.8181818181818,construccion,12
2016-10-01,81.4285714285714,construccion,12
2016-11-01,75.609756097561,construccion,12
2016-12-01,68.9189189189189,construccion,12
2017-01-01,71.6216216216216,construccion,12
2017-02-01,66.6666666666667,construccion,12
2017-03-01,64.0625,construccion,12
2017-04-01,65,construccion,12
2017-05-01,62.5,construccion,12
2017-06-01,57.4074074074074,construccion,12
2017-07-01,62.5,construccion,12
2017-08-01,59.6774193548387,construccion,12
2017-09-01,72.9166666666667,construccion,12
2017-10-01,77.0833333333333,construccion,12
2017-11-01,77.5,construccion,12
2017-12-01,62.5,construccion,12
2018-01-01,54,construccion,12
2018-02-01,59.0909090909091,construccion,12
2018-03-01,54,construccion,12
2018-04-01,57.1428571428571,construccion,12
2018-05-01,60.8695652173913,construccion,12
2018-06-01,65.2173913043478,construccion,12
2018-07-01,55.7692307692308,construccion,12
2018-08-01,63.6363636363636,construccion,12
2018-09-01,73.8095238095238,construccion,12
2018-10-01,57.5,construccion,12
2018-11-01,62,construccion,12
2018-12-01,66.6666666666667,construccion,12
2019-01-01,54,construccion,12
2019-02-01,50,construccion,12
2019-03-01,61.1111111111111,construccion,12
2019-04-01,57.5,construccion,12
2019-05-01,52.5,construccion,12
2019-06-01,40.9090909090909,construccion,12
2019-07-01,46.1538461538462,construccion,12
2019-08-01,45.8333333333333,construccion,12
2019-09-01,50,construccion,12
2019-10-01,50,construccion,12
2019-11-01,58.3333333333333,construccion,12
2019-12-01,59.5238095238095,construccion,12
2020-01-01,60,construccion,12
2020-02-01,57.5,construccion,12
2020-03-01,27.2727272727273,construccion,12
2020-04-01,30,construccion,12
2020-05-01,23.9130434782609,construccion,12
2020-06-01,39.1304347826087,construccion,12
2020-07-01,45.8333333333333,construccion,12
2020-08-01,41.6666666666667,construccion,12
2020-09-01,56.5217391304348,construccion,12
2020-10-01,59.5238095238095,construccion,12
2020-11-01,57.1428571428571,construccion,12
2020-12-01,50,construccion,12
2021-01-01,41.6666666666667,construccion,12
2021-02-01,48.0769230769231,construccion,12
2021-03-01,62.5,construccion,12
2021-04-01,42,construccion,12
2021-05-01,41.6666666666667,construccion,12
2021-06-01,43.1818181818182,construccion,12
2021-07-01,39.5833333333333,construccion,12
2021-08-01,33.3333333333333,construccion,12
2021-09-01,32.6086956521739,construccion,12
2021-10-01,45,construccion,12
2021-11-01,40,construccion,12
2021-12-01,44.4444444444444,construccion,12
2022-01-01,39.4736842105263,construccion,12
2022-02-01,40.4761904761905,construccion,12
2022-03-01,36.9565217391304,construccion,12
2022-04-01,32.5,construccion,12
2022-05-01,40.4761904761905,construccion,12
2022-06-01,43.1818181818182,construccion,12
2022-07-01,36.1111111111111,construccion,12
2022-08-01,46.6666666666667,construccion,12
2022-09-01,35,construccion,12
2022-10-01,36.1111111111111,construccion,12
2022-11-01,38.2352941176471,construccion,12
2022-12-01,52.7777777777778,construccion,12
2023-01-01,38.2352941176471,construccion,12
2023-02-01,47.0588235294118,construccion,12
2010-01-01,75.9259259259259,comercio,03
2010-02-01,70.4918032786885,comercio,03
2010-03-01,71.6981132075472,comercio,03
2010-04-01,75,comercio,03
2010-05-01,72.3214285714286,comercio,03
2010-06-01,74.5098039215686,comercio,03
2010-07-01,66.1016949152542,comercio,03
2010-08-01,67.7966101694915,comercio,03
2010-09-01,64.8148148148148,comercio,03
2010-10-01,70.7547169811321,comercio,03
2010-11-01,71.6981132075472,comercio,03
2010-12-01,66.3461538461538,comercio,03
2011-01-01,64.2857142857143,comercio,03
2011-02-01,67.3076923076923,comercio,03
2011-03-01,61.5384615384615,comercio,03
2011-04-01,46.7213114754098,comercio,03
2011-05-01,53.5087719298246,comercio,03
2011-06-01,48.2142857142857,comercio,03
2011-07-01,46.09375,comercio,03
2011-08-01,53.3898305084746,comercio,03
2011-09-01,50.8064516129032,comercio,03
2011-10-01,59.8214285714286,comercio,03
2011-11-01,55.6451612903226,comercio,03
2011-12-01,50.8196721311475,comercio,03
2012-01-01,61.1111111111111,comercio,03
2012-02-01,60.4477611940298,comercio,03
2012-03-01,65.3333333333333,comercio,03
2012-04-01,64.7058823529412,comercio,03
2012-05-01,59.0909090909091,comercio,03
2012-06-01,57.2222222222222,comercio,03
2012-07-01,55.421686746988,comercio,03
2012-08-01,58.2089552238806,comercio,03
2012-09-01,55.3030303030303,comercio,03
2012-10-01,58.9041095890411,comercio,03
2012-11-01,61.3924050632911,comercio,03
2012-12-01,64.5833333333333,comercio,03
2013-01-01,68.75,comercio,03
2013-02-01,69.5652173913043,comercio,03
2013-03-01,61.1940298507463,comercio,03
2013-04-01,56.5573770491803,comercio,03
2013-05-01,50,comercio,03
2013-06-01,47.7611940298507,comercio,03
2013-07-01,51.3513513513513,comercio,03
2013-08-01,49.3421052631579,comercio,03
2013-09-01,48.8095238095238,comercio,03
2013-10-01,55.7971014492754,comercio,03
2013-11-01,50,comercio,03
2013-12-01,59.5588235294118,comercio,03
2014-01-01,58.8607594936709,comercio,03
2014-02-01,57.4324324324324,comercio,03
2014-03-01,52.2058823529412,comercio,03
2014-04-01,53.4246575342466,comercio,03
2014-05-01,55.6962025316456,comercio,03
2014-06-01,47.5903614457831,comercio,03
2014-07-01,53.5714285714286,comercio,03
2014-08-01,49.2307692307692,comercio,03
2014-09-01,52.2388059701493,comercio,03
2014-10-01,52.8985507246377,comercio,03
2014-11-01,50,comercio,03
2014-12-01,53.5211267605634,comercio,03
2015-01-01,54.6875,comercio,03
2015-02-01,49.2857142857143,comercio,03
2015-03-01,49.2424242424242,comercio,03
2015-04-01,43.3333333333333,comercio,03
2015-05-01,47.2602739726027,comercio,03
2015-06-01,51.8072289156626,comercio,03
2015-07-01,48.1012658227848,comercio,03
2015-08-01,42.7710843373494,comercio,03
2015-09-01,45.7317073170732,comercio,03
2015-10-01,47.887323943662,comercio,03
2015-11-01,43.8271604938272,comercio,03
2015-12-01,50.7246376811594,comercio,03
2016-01-01,43.8356164383562,comercio,03
2016-02-01,50.6756756756757,comercio,03
2016-03-01,46.7105263157895,comercio,03
2016-04-01,55.8441558441558,comercio,03
2016-05-01,58.3333333333333,comercio,03
2016-06-01,54.2857142857143,comercio,03
2016-07-01,66.8604651162791,comercio,03
2016-08-01,62.1621621621622,comercio,03
2016-09-01,64.4736842105263,comercio,03
2016-10-01,62.6760563380282,comercio,03
2016-11-01,60.2941176470588,comercio,03
2016-12-01,57.8571428571428,comercio,03
2017-01-01,58.4415584415584,comercio,03
2017-02-01,57.9710144927536,comercio,03
2017-03-01,50,comercio,03
2017-04-01,50,comercio,03
2017-05-01,52.9411764705882,comercio,03
2017-06-01,53.2258064516129,comercio,03
2017-07-01,58.8235294117647,comercio,03
2017-08-01,56.8181818181818,comercio,03
2017-09-01,66.6666666666667,comercio,03
2017-10-01,65.2777777777778,comercio,03
2017-11-01,64.2857142857143,comercio,03
2017-12-01,58.8235294117647,comercio,03
2018-01-01,64.6153846153846,comercio,03
2018-02-01,59.3220338983051,comercio,03
2018-03-01,57.03125,comercio,03
2018-04-01,61.71875,comercio,03
2018-05-01,61.1111111111111,comercio,03
2018-06-01,57.6923076923077,comercio,03
2018-07-01,64.1666666666667,comercio,03
2018-08-01,71.2121212121212,comercio,03
2018-09-01,64.0350877192982,comercio,03
2018-10-01,62.0967741935484,comercio,03
2018-11-01,61.7647058823529,comercio,03
2018-12-01,68.4210526315789,comercio,03
2019-01-01,64.6153846153846,comercio,03
2019-02-01,63.28125,comercio,03
2019-03-01,65.0793650793651,comercio,03
2019-04-01,61.2068965517241,comercio,03
2019-05-01,56.5573770491803,comercio,03
2019-06-01,50.7575757575758,comercio,03
2019-07-01,51.3698630136986,comercio,03
2019-08-01,50.7142857142857,comercio,03
2019-09-01,52.5974025974026,comercio,03
2019-10-01,54.1666666666667,comercio,03
2019-11-01,53.90625,comercio,03
2019-12-01,52.8571428571429,comercio,03
2020-01-01,58.2191780821918,comercio,03
2020-02-01,50,comercio,03
2020-03-01,25,comercio,03
2020-04-01,17.1052631578947,comercio,03
2020-05-01,14.1666666666667,comercio,03
2020-06-01,31.8181818181818,comercio,03
2020-07-01,31.5789473684211,comercio,03
2020-08-01,45.3846153846154,comercio,03
2020-09-01,45.4545454545455,comercio,03
2020-10-01,52.9850746268657,comercio,03
2020-11-01,57.3529411764706,comercio,03
2020-12-01,52.8985507246377,comercio,03
2021-01-01,40.4761904761905,comercio,03
2021-02-01,44.6153846153846,comercio,03
2021-03-01,56.140350877193,comercio,03
2021-04-01,40.9722222222222,comercio,03
2021-05-01,47.8260869565217,comercio,03
2021-06-01,40.6779661016949,comercio,03
2021-07-01,46.875,comercio,03
2021-08-01,36.2903225806452,comercio,03
2021-09-01,36.4406779661017,comercio,03
2021-10-01,41.5254237288136,comercio,03
2021-11-01,45,comercio,03
2021-12-01,47.2222222222222,comercio,03
2022-01-01,49.2307692307692,comercio,03
2022-02-01,46.6101694915254,comercio,03
2022-03-01,44.9152542372881,comercio,03
2022-04-01,40.625,comercio,03
2022-05-01,36.1538461538462,comercio,03
2022-06-01,31.0344827586207,comercio,03
2022-07-01,39.84375,comercio,03
2022-08-01,35.3846153846154,comercio,03
2022-09-01,37.3239436619718,comercio,03
2022-10-01,37.0967741935484,comercio,03
2022-11-01,40.625,comercio,03
2022-12-01,44.9152542372881,comercio,03
2023-01-01,33.6065573770492,comercio,03
2023-02-01,41.1290322580645,comercio,03
2010-01-01,85.4545454545455,comercio,12
2010-02-01,83.0508474576271,comercio,12
2010-03-01,77.8846153846154,comercio,12
2010-04-01,84.9056603773585,comercio,12
2010-05-01,80.3571428571429,comercio,12
2010-06-01,79.8076923076923,comercio,12
2010-07-01,78.5714285714286,comercio,12
2010-08-01,75.4237288135593,comercio,12
2010-09-01,78.1818181818182,comercio,12
2010-10-01,79.2452830188679,comercio,12
2010-11-01,77.3584905660377,comercio,12
2010-12-01,71.6981132075472,comercio,12
2011-01-01,69.3877551020408,comercio,12
2011-02-01,75,comercio,12
2011-03-01,75.9615384615385,comercio,12
2011-04-01,54.0983606557377,comercio,12
2011-05-01,55.2631578947368,comercio,12
2011-06-01,52.6785714285714,comercio,12
2011-07-01,56.25,comercio,12
2011-08-01,60.3448275862069,comercio,12
2011-09-01,56.4516129032258,comercio,12
2011-10-01,59.8214285714286,comercio,12
2011-11-01,60.4838709677419,comercio,12
2011-12-01,56.6666666666667,comercio,12
2012-01-01,66.1290322580645,comercio,12
2012-02-01,65.9090909090909,comercio,12
2012-03-01,74.3421052631579,comercio,12
2012-04-01,75.7352941176471,comercio,12
2012-05-01,68.8311688311688,comercio,12
2012-06-01,65.5555555555556,comercio,12
2012-07-01,60.9756097560976,comercio,12
2012-08-01,62.8787878787879,comercio,12
2012-09-01,63.4328358208955,comercio,12
2012-10-01,66.4383561643836,comercio,12
2012-11-01,68.5897435897436,comercio,12
2012-12-01,74.6478873239437,comercio,12
2013-01-01,73.5714285714286,comercio,12
2013-02-01,75.3623188405797,comercio,12
2013-03-01,70.1492537313433,comercio,12
2013-04-01,62.5,comercio,12
2013-05-01,57.2463768115942,comercio,12
2013-06-01,54.4776119402985,comercio,12
2013-07-01,56.0810810810811,comercio,12
2013-08-01,56.4102564102564,comercio,12
2013-09-01,61.3095238095238,comercio,12
2013-10-01,69.5652173913043,comercio,12
2013-11-01,62.3376623376623,comercio,12
2013-12-01,71.4285714285714,comercio,12
2014-01-01,70.625,comercio,12
2014-02-01,67.8082191780822,comercio,12
2014-03-01,60.8695652173913,comercio,12
2014-04-01,63.8888888888889,comercio,12
2014-05-01,65.8227848101266,comercio,12
2014-06-01,61.3095238095238,comercio,12
2014-07-01,67.1428571428572,comercio,12
2014-08-01,66.1538461538461,comercio,12
2014-09-01,64.3939393939394,comercio,12
2014-10-01,65.4411764705882,comercio,12
2014-11-01,63.8461538461538,comercio,12
2014-12-01,64.4927536231884,comercio,12
2015-01-01,69.53125,comercio,12
2015-02-01,57.9710144927536,comercio,12
2015-03-01,53.7878787878788,comercio,12
2015-04-01,52.7397260273973,comercio,12
2015-05-01,59.1549295774648,comercio,12
2015-06-01,55.952380952381,comercio,12
2015-07-01,53.1645569620253,comercio,12
2015-08-01,48.2352941176471,comercio,12
2015-09-01,53.75,comercio,12
2015-10-01,59.4202898550725,comercio,12
2015-11-01,58.5365853658536,comercio,12
2015-12-01,58.2089552238806,comercio,12
2016-01-01,62.5,comercio,12
2016-02-01,65.5405405405405,comercio,12
2016-03-01,58.7837837837838,comercio,12
2016-04-01,69.4805194805195,comercio,12
2016-05-01,69.6428571428571,comercio,12
2016-06-01,72.1428571428571,comercio,12
2016-07-01,79.1666666666667,comercio,12
2016-08-01,76.3157894736842,comercio,12
2016-09-01,78.6666666666667,comercio,12
2016-10-01,75.3623188405797,comercio,12
2016-11-01,77.8571428571429,comercio,12
2016-12-01,69.7183098591549,comercio,12
2017-01-01,68.8311688311688,comercio,12
2017-02-01,69.0140845070423,comercio,12
2017-03-01,59.1549295774648,comercio,12
2017-04-01,65.9090909090909,comercio,12
2017-05-01,63.4328358208955,comercio,12
2017-06-01,64.84375,comercio,12
2017-07-01,72.9508196721311,comercio,12
2017-08-01,74.5901639344262,comercio,12
2017-09-01,79.6875,comercio,12
2017-10-01,78.3333333333333,comercio,12
2017-11-01,74.1666666666667,comercio,12
2017-12-01,72.9508196721311,comercio,12
2018-01-01,74.5901639344262,comercio,12
2018-02-01,59.5744680851064,comercio,12
2018-03-01,71.6981132075472,comercio,12
2018-04-01,68.3673469387755,comercio,12
2018-05-01,73.2142857142857,comercio,12
2018-06-01,69.4444444444444,comercio,12
2018-07-01,74.5283018867924,comercio,12
2018-08-01,80,comercio,12
2018-09-01,74.468085106383,comercio,12
2018-10-01,68.8679245283019,comercio,12
2018-11-01,75,comercio,12
2018-12-01,76.9230769230769,comercio,12
2019-01-01,74.5901639344262,comercio,12
2019-02-01,77.1186440677966,comercio,12
2019-03-01,71.0526315789474,comercio,12
2019-04-01,71.1538461538462,comercio,12
2019-05-01,69.0909090909091,comercio,12
2019-06-01,60.7142857142857,comercio,12
2019-07-01,57.8571428571428,comercio,12
2019-08-01,60.655737704918,comercio,12
2019-09-01,57.9710144927536,comercio,12
2019-10-01,59.375,comercio,12
2019-11-01,66.1290322580645,comercio,12
2019-12-01,61.71875,comercio,12
2020-01-01,66.1538461538461,comercio,12
2020-02-01,57.258064516129,comercio,12
2020-03-01,51.7857142857143,comercio,12
2020-04-01,37.8378378378378,comercio,12
2020-05-01,42.3728813559322,comercio,12
2020-06-01,55.7692307692308,comercio,12
2020-07-01,54.6296296296296,comercio,12
2020-08-01,63.7096774193548,comercio,12
2020-09-01,67.1875,comercio,12
2020-10-01,68.1818181818182,comercio,12
2020-11-01,70.6349206349206,comercio,12
2020-12-01,68.4615384615385,comercio,12
2021-01-01,61.9047619047619,comercio,12
2021-02-01,65.3225806451613,comercio,12
2021-03-01,67.2727272727273,comercio,12
2021-04-01,55.3030303030303,comercio,12
2021-05-01,57.8125,comercio,12
2021-06-01,47.3684210526316,comercio,12
2021-07-01,52.4193548387097,comercio,12
2021-08-01,46.551724137931,comercio,12
2021-09-01,50.8771929824561,comercio,12
2021-10-01,54.3103448275862,comercio,12
2021-11-01,52.6785714285714,comercio,12
2021-12-01,50.9615384615385,comercio,12
2022-01-01,57.9365079365079,comercio,12
2022-02-01,55.5555555555556,comercio,12
2022-03-01,53.5714285714286,comercio,12
2022-04-01,45.1612903225806,comercio,12
2022-05-01,45.1612903225806,comercio,12
2022-06-01,44.6428571428571,comercio,12
2022-07-01,50.8333333333333,comercio,12
2022-08-01,43.5483870967742,comercio,12
2022-09-01,42.0289855072464,comercio,12
2022-10-01,43.3333333333333,comercio,12
2022-11-01,50,comercio,12
2022-12-01,60.5263157894737,comercio,12
2023-01-01,54.1666666666667,comercio,12
2023-02-01,55,comercio,12
2010-01-01,68.6274509803922,servicios,03
2010-02-01,70.8333333333333,servicios,03
2010-03-01,68.5185185185185,servicios,03
2010-04-01,70.3389830508475,servicios,03
2010-05-01,70.5357142857143,servicios,03
2010-06-01,76.4705882352941,servicios,03
2010-07-01,77.3584905660377,servicios,03
2010-08-01,69.7916666666667,servicios,03
2010-09-01,72.2222222222222,servicios,03
2010-10-01,70.5882352941176,servicios,03
2010-11-01,66.6666666666667,servicios,03
2010-12-01,65.9090909090909,servicios,03
2011-01-01,68.8888888888889,servicios,03
2011-02-01,64.4736842105263,servicios,03
2011-03-01,63.0952380952381,servicios,03
2011-04-01,47.1698113207547,servicios,03
2011-05-01,50.8771929824561,servicios,03
2011-06-01,48.936170212766,servicios,03
2011-07-01,56.25,servicios,03
2011-08-01,59.1836734693878,servicios,03
2011-09-01,59.0909090909091,servicios,03
2011-10-01,62.2222222222222,servicios,03
2011-11-01,64.0350877192982,servicios,03
2011-12-01,64.8148148148148,servicios,03
2012-01-01,64.4230769230769,servicios,03
2012-02-01,67.6470588235294,servicios,03
2012-03-01,70,servicios,03
2012-04-01,73.5294117647059,servicios,03
2012-05-01,64.3939393939394,servicios,03
2012-06-01,58.0882352941177,servicios,03
2012-07-01,55.7692307692308,servicios,03
2012-08-01,64.6666666666667,servicios,03
2012-09-01,64.2857142857143,servicios,03
2012-10-01,66.1764705882353,servicios,03
2012-11-01,67.3076923076923,servicios,03
2012-12-01,65.8333333333333,servicios,03
2013-01-01,68.75,servicios,03
2013-02-01,69.620253164557,servicios,03
2013-03-01,66.4285714285714,servicios,03
2013-04-01,65.9090909090909,servicios,03
2013-05-01,58.955223880597,servicios,03
2013-06-01,54.1666666666667,servicios,03
2013-07-01,53.4722222222222,servicios,03
2013-08-01,52.0833333333333,servicios,03
2013-09-01,57.258064516129,servicios,03
2013-10-01,56.9444444444444,servicios,03
2013-11-01,60,servicios,03
2013-12-01,60.5263157894737,servicios,03
2014-01-01,64.6666666666667,servicios,03
2014-02-01,60.625,servicios,03
2014-03-01,56.0975609756098,servicios,03
2014-04-01,58.3333333333333,servicios,03
2014-05-01,50,servicios,03
2014-06-01,53.0864197530864,servicios,03
2014-07-01,51.8292682926829,servicios,03
2014-08-01,50,servicios,03
2014-09-01,56.4935064935065,servicios,03
2014-10-01,60,servicios,03
2014-11-01,64.1891891891892,servicios,03
2014-12-01,53.8461538461538,servicios,03
2015-01-01,56,servicios,03
2015-02-01,50.6849315068493,servicios,03
2015-03-01,41.7808219178082,servicios,03
2015-04-01,48.876404494382,servicios,03
2015-05-01,42.3529411764706,servicios,03
2015-06-01,48.2142857142857,servicios,03
2015-07-01,45.2941176470588,servicios,03
2015-08-01,43.2291666666667,servicios,03
2015-09-01,45.3488372093023,servicios,03
2015-10-01,45.8333333333333,servicios,03
2015-11-01,46.4705882352941,servicios,03
2015-12-01,42.1348314606742,servicios,03
2016-01-01,44.8051948051948,servicios,03
2016-02-01,47.4358974358974,servicios,03
2016-03-01,46.3855421686747,servicios,03
2016-04-01,56.0975609756098,servicios,03
2016-05-01,56.5217391304348,servicios,03
2016-06-01,61.1111111111111,servicios,03
2016-07-01,64.7435897435898,servicios,03
2016-08-01,67.2839506172839,servicios,03
2016-09-01,63.9240506329114,servicios,03
2016-10-01,66.1764705882353,servicios,03
2016-11-01,62.987012987013,servicios,03
2016-12-01,63.75,servicios,03
2017-01-01,57.0588235294118,servicios,03
2017-02-01,53.7878787878788,servicios,03
2017-03-01,37.3239436619718,servicios,03
2017-04-01,56.9230769230769,servicios,03
2017-05-01,52.1739130434783,servicios,03
2017-06-01,52.7777777777778,servicios,03
2017-07-01,53.2258064516129,servicios,03
2017-08-01,57.2463768115942,servicios,03
2017-09-01,58.8235294117647,servicios,03
2017-10-01,66.1764705882353,servicios,03
2017-11-01,62.1212121212121,servicios,03
2017-12-01,53.2258064516129,servicios,03
2018-01-01,58.9285714285714,servicios,03
2018-02-01,53.90625,servicios,03
2018-03-01,54.0322580645161,servicios,03
2018-04-01,58.4615384615385,servicios,03
2018-05-01,61.864406779661,servicios,03
2018-06-01,64.6153846153846,servicios,03
2018-07-01,59.5238095238095,servicios,03
2018-08-01,57.6271186440678,servicios,03
2018-09-01,57.0175438596491,servicios,03
2018-10-01,50.8474576271186,servicios,03
2018-11-01,56.8627450980392,servicios,03
2018-12-01,59,servicios,03
2019-01-01,58.9285714285714,servicios,03
2019-02-01,56.0344827586207,servicios,03
2019-03-01,58.6538461538462,servicios,03
2019-04-01,58.9285714285714,servicios,03
2019-05-01,51.6949152542373,servicios,03
2019-06-01,51.6393442622951,servicios,03
2019-07-01,48.3050847457627,servicios,03
2019-08-01,48.3333333333333,servicios,03
2019-09-01,46.7741935483871,servicios,03
2019-10-01,46.551724137931,servicios,03
2019-11-01,49.1803278688525,servicios,03
2019-12-01,48.4375,servicios,03
2020-01-01,55.7971014492754,servicios,03
2020-02-01,47.6190476190476,servicios,03
2020-03-01,13.8888888888889,servicios,03
2020-04-01,7.77777777777778,servicios,03
2020-05-01,11.6071428571429,servicios,03
2020-06-01,30,servicios,03
2020-07-01,29.6610169491525,servicios,03
2020-08-01,30.8333333333333,servicios,03
2020-09-01,41.2280701754386,servicios,03
2020-10-01,50,servicios,03
2020-11-01,50.8620689655172,servicios,03
2020-12-01,48.2758620689655,servicios,03
2021-01-01,42.4528301886792,servicios,03
2021-02-01,43.75,servicios,03
2021-03-01,50.8620689655172,servicios,03
2021-04-01,41.2280701754386,servicios,03
2021-05-01,47.4576271186441,servicios,03
2021-06-01,35.8490566037736,servicios,03
2021-07-01,46.1538461538462,servicios,03
2021-08-01,34.1666666666667,servicios,03
2021-09-01,37.037037037037,servicios,03
2021-10-01,38.6792452830189,servicios,03
2021-11-01,39,servicios,03
2021-12-01,42.4528301886792,servicios,03
2022-01-01,39.8305084745763,servicios,03
2022-02-01,43.4426229508197,servicios,03
2022-03-01,33.6363636363636,servicios,03
2022-04-01,27.6785714285714,servicios,03
2022-05-01,33.9285714285714,servicios,03
2022-06-01,29.8245614035088,servicios,03
2022-07-01,27.6785714285714,servicios,03
2022-08-01,32.5396825396825,servicios,03
2022-09-01,37.0967741935484,servicios,03
2022-10-01,38.7096774193548,servicios,03
2022-11-01,42.6229508196721,servicios,03
2022-12-01,43.5483870967742,servicios,03
2023-01-01,28.0701754385965,servicios,03
2023-02-01,44.2622950819672,servicios,03
2010-01-01,87,servicios,12
2010-02-01,83.3333333333333,servicios,12
2010-03-01,85.8490566037736,servicios,12
2010-04-01,85.2459016393443,servicios,12
2010-05-01,83.9285714285714,servicios,12
2010-06-01,85,servicios,12
2010-07-01,88.4615384615385,servicios,12
2010-08-01,80.2083333333333,servicios,12
2010-09-01,81.1111111111111,servicios,12
2010-10-01,80,servicios,12
2010-11-01,77.6595744680851,servicios,12
2010-12-01,75.609756097561,servicios,12
2011-01-01,74.4444444444444,servicios,12
2011-02-01,76.3157894736842,servicios,12
2011-03-01,73.8095238095238,servicios,12
2011-04-01,52.8301886792453,servicios,12
2011-05-01,62.7272727272727,servicios,12
2011-06-01,60.6382978723404,servicios,12
2011-07-01,62.5,servicios,12
2011-08-01,64.5833333333333,servicios,12
2011-09-01,64.7727272727273,servicios,12
2011-10-01,72.2222222222222,servicios,12
2011-11-01,67.2413793103448,servicios,12
2011-12-01,73.1481481481482,servicios,12
2012-01-01,73.0769230769231,servicios,12
2012-02-01,75.9615384615385,servicios,12
2012-03-01,76.4705882352941,servicios,12
2012-04-01,79.4117647058824,servicios,12
2012-05-01,76.5151515151515,servicios,12
2012-06-01,69.8529411764706,servicios,12
2012-07-01,64.7435897435898,servicios,12
2012-08-01,70.6666666666667,servicios,12
2012-09-01,71.4285714285714,servicios,12
2012-10-01,71.6417910447761,servicios,12
2012-11-01,76.9230769230769,servicios,12
2012-12-01,77.9661016949153,servicios,12
2013-01-01,78.7671232876712,servicios,12
2013-02-01,81.8181818181818,servicios,12
2013-03-01,77.1428571428571,servicios,12
2013-04-01,75,servicios,12
2013-05-01,58.955223880597,servicios,12
2013-06-01,59.6491228070175,servicios,12
2013-07-01,60,servicios,12
2013-08-01,55.7971014492754,servicios,12
2013-09-01,67.910447761194,servicios,12
2013-10-01,68.3098591549296,servicios,12
2013-11-01,72.0779220779221,servicios,12
2013-12-01,69.3333333333333,servicios,12
2014-01-01,70.2702702702703,servicios,12
2014-02-01,66.4556962025316,servicios,12
2014-03-01,63.5802469135802,servicios,12
2014-04-01,63.5869565217391,servicios,12
2014-05-01,55.8139534883721,servicios,12
2014-06-01,59.4936708860759,servicios,12
2014-07-01,60.4938271604938,servicios,12
2014-08-01,64.7727272727273,servicios,12
2014-09-01,66.4473684210526,servicios,12
2014-10-01,66.6666666666667,servicios,12
2014-11-01,70,servicios,12
2014-12-01,64.7435897435898,servicios,12
2015-01-01,64.1891891891892,servicios,12
2015-02-01,66.6666666666667,servicios,12
2015-03-01,54.7945205479452,servicios,12
2015-04-01,60.5555555555556,servicios,12
2015-05-01,52.9069767441861,servicios,12
2015-06-01,56.7073170731707,servicios,12
2015-07-01,53.5294117647059,servicios,12
2015-08-01,54.7368421052632,servicios,12
2015-09-01,51.1363636363636,servicios,12
2015-10-01,53.6144578313253,servicios,12
2015-11-01,60,servicios,12
2015-12-01,58.0459770114943,servicios,12
2016-01-01,56.4102564102564,servicios,12
2016-02-01,59.7402597402597,servicios,12
2016-03-01,62.5,servicios,12
2016-04-01,69.0476190476191,servicios,12
2016-05-01,70.9677419354839,servicios,12
2016-06-01,68.125,servicios,12
2016-07-01,77.6315789473684,servicios,12
2016-08-01,75.3012048192771,servicios,12
2016-09-01,74.3589743589744,servicios,12
2016-10-01,76.4285714285714,servicios,12
2016-11-01,74.6835443037975,servicios,12
2016-12-01,72.0779220779221,servicios,12
2017-01-01,65.2941176470588,servicios,12
2017-02-01,66.6666666666667,servicios,12
2017-03-01,55.7142857142857,servicios,12
2017-04-01,68.6567164179104,servicios,12
2017-05-01,65,servicios,12
2017-06-01,67.8571428571429,servicios,12
2017-07-01,72.8813559322034,servicios,12
2017-08-01,72.0588235294118,servicios,12
2017-09-01,80.1587301587302,servicios,12
2017-10-01,78.125,servicios,12
2017-11-01,77.5,servicios,12
2017-12-01,72.8813559322034,servicios,12
2018-01-01,71.6981132075472,servicios,12
2018-02-01,67.7966101694915,servicios,12
2018-03-01,71.1864406779661,servicios,12
2018-04-01,75.8928571428571,servicios,12
2018-05-01,73.5849056603774,servicios,12
2018-06-01,78.448275862069,servicios,12
2018-07-01,71.9298245614035,servicios,12
2018-08-01,69.811320754717,servicios,12
2018-09-01,67.5925925925926,servicios,12
2018-10-01,63.3928571428571,servicios,12
2018-11-01,67,servicios,12
2018-12-01,72.4489795918367,servicios,12
2019-01-01,71.6981132075472,servicios,12
2019-02-01,72.2222222222222,servicios,12
2019-03-01,71.2765957446808,servicios,12
2019-04-01,68.2692307692308,servicios,12
2019-05-01,61.4035087719298,servicios,12
2019-06-01,62.9310344827586,servicios,12
2019-07-01,57.0175438596491,servicios,12
2019-08-01,48.1481481481482,servicios,12
2019-09-01,65.4545454545455,servicios,12
2019-10-01,65.6862745098039,servicios,12
2019-11-01,57.7586206896552,servicios,12
2019-12-01,62.7118644067797,servicios,12
2020-01-01,62.8787878787879,servicios,12
2020-02-01,55.9322033898305,servicios,12
2020-03-01,39.7058823529412,servicios,12
2020-04-01,17.8571428571429,servicios,12
2020-05-01,35.8490566037736,servicios,12
2020-06-01,48.936170212766,servicios,12
2020-07-01,43.75,servicios,12
2020-08-01,50.8771929824561,servicios,12
2020-09-01,63.6363636363636,servicios,12
2020-10-01,66.9811320754717,servicios,12
2020-11-01,69.811320754717,servicios,12
2020-12-01,68.2692307692308,servicios,12
2021-01-01,63.7254901960784,servicios,12
2021-02-01,59.4339622641509,servicios,12
2021-03-01,60.377358490566,servicios,12
2021-04-01,50.9433962264151,servicios,12
2021-05-01,53.5087719298246,servicios,12
2021-06-01,44.2307692307692,servicios,12
2021-07-01,52.0408163265306,servicios,12
2021-08-01,45.3703703703704,servicios,12
2021-09-01,46.078431372549,servicios,12
2021-10-01,54.0816326530612,servicios,12
2021-11-01,42,servicios,12
2021-12-01,48.1132075471698,servicios,12
2022-01-01,56.25,servicios,12
2022-02-01,50.8928571428571,servicios,12
2022-03-01,44.4444444444444,servicios,12
2022-04-01,33.6538461538462,servicios,12
2022-05-01,41.8181818181818,servicios,12
2022-06-01,40.7407407407407,servicios,12
2022-07-01,37.5,servicios,12
2022-08-01,42.1052631578947,servicios,12
2022-09-01,44.2622950819672,servicios,12
2022-10-01,51.7241379310345,servicios,12
2022-11-01,44.9152542372881,servicios,12
2022-12-01,54.0983606557377,servicios,12
2023-01-01,47.3214285714286,servicios,12
2023-02-01,60.5263157894737,servicios,12
