Fecha,Semana,Inicio,Fin,Bolsa,Cajón
1997,1,1/1/97,1/7/97,1.42,1.74
1997,2,1/8/97,1/14/97,0.74,1.06
1997,3,1/15/97,1/21/97,0.69,0.94
1997,4,1/22/97,1/28/97,0.67,0.8
1997,5,1/29/97,2/4/97,0.6,0.82
1997,6,2/5/97,2/11/97,0.57,0.76
1997,7,2/12/97,2/18/97,0.55,0.76
1997,8,2/19/97,2/25/97,0.7,0.85
1997,9,2/26/97,3/4/97,0.57,0.73
1997,10,3/5/97,3/11/97,0.81,0.89
1997,11,3/12/97,3/18/97,0.94,1.03
1997,12,3/19/97,3/25/97,0.93,1.23
1997,13,3/26/97,4/1/97,0.84,1.16
1997,14,4/2/97,4/8/97,0.76,0.93
1997,15,4/9/97,4/15/97,0.7,0.9
1997,16,4/16/97,4/22/97,0.65,0.87
1997,17,4/23/97,4/29/97,0.56,0.85
1997,18,4/30/97,5/6/97,0.56,0.87
1997,19,5/7/97,5/13/97,0.52,0.77
1997,20,5/14/97,5/20/97,0.67,0.83
1997,21,5/21/97,5/27/97,0.64,0.82
1997,22,5/28/97,6/3/97,0.59,0.72
1997,23,6/4/97,6/10/97,0.66,0.77
1997,24,6/11/97,6/17/97,0.58,0.79
1997,25,6/18/97,6/24/97,0.65,0.97
1997,26,6/25/97,7/1/97,0.63,0.9
1997,27,7/2/97,7/8/97,0.62,0.85
1997,28,7/9/97,7/15/97,0.67,0.94
1997,29,7/16/97,7/22/97,0.87,1.25
1997,30,7/23/97,7/29/97,0.85,1.24
1997,31,7/30/97,8/5/97,0.89,1.21
1997,32,8/6/97,8/12/97,0.92,1.12
1997,33,8/13/97,8/19/97,0.92,1.06
1997,34,8/20/97,8/26/97,0.87,0.92
1997,35,8/27/97,9/2/97,0.98,1.11
1997,36,9/3/97,9/9/97,1.26,1.32
1997,37,9/10/97,9/16/97,1.03,4.45
1997,38,9/17/97,9/23/97,0.93,0.98
1997,39,9/24/97,9/30/97,1.04,1.2
1997,40,10/1/97,10/7/97,1,1.1
1997,41,10/8/97,10/14/97,0.87,0.93
1997,42,10/15/97,10/21/97,0.9,0.94
1997,43,10/22/97,10/28/97,0.86,0.95
1997,44,10/29/97,11/4/97,0.97,1.04
1997,45,11/5/97,11/11/97,0.9,1.02
1997,46,11/12/97,11/18/97,0.83,0.91
1997,47,11/19/97,11/25/97,0.87,0.93
1997,48,11/26/97,12/2/97,0.81,1.06
1997,49,12/3/97,12/9/97,0.66,0.93
1997,50,12/10/97,12/16/97,0.72,0.93
1997,51,12/17/97,12/23/97,0.69,0.96
1997,52,12/24/97,12/30/97,0.67,0.88
1998,1,1/1/98,1/7/98,0.74,0.87
1998,2,1/8/98,1/14/98,0.72,1.04
1998,3,1/15/98,1/21/98,0.73,0.88
1998,4,1/22/98,1/28/98,0.76,0.96
1998,5,1/29/98,2/4/98,0.71,1.01
1998,6,2/5/98,2/11/98,0.7,0.93
1998,7,2/12/98,2/18/98,0.93,1.14
1998,8,2/19/98,2/25/98,1.35,2.18
1998,9,2/26/98,3/4/98,1.52,2.12
1998,10,3/5/98,3/11/98,0.71,0.89
1998,11,3/12/98,3/18/98,1.83,2.1
1998,12,3/19/98,3/25/98,1.52,1.49
1998,13,3/26/98,4/1/98,0.87,1.16
1998,14,4/2/98,4/8/98,0.71,1.02
1998,15,4/9/98,4/15/98,0.74,0.93
1998,16,4/16/98,4/22/98,0.69,0.89
1998,17,4/23/98,4/29/98,0.58,0.8
1998,18,4/30/98,5/6/98,0.63,0.81
1998,19,5/7/98,5/13/98,0.72,0.95
1998,20,5/14/98,5/20/98,0.68,0.84
1998,21,5/21/98,5/27/98,0.76,0.86
1998,22,5/28/98,6/3/98,1.09,1.18
1998,23,6/4/98,6/10/98,1.16,1.19
1998,24,6/11/98,6/17/98,1.57,1.7
1998,25,6/18/98,6/24/98,1.99,2.11
1998,26,6/25/98,7/1/98,2.72,2.73
1998,27,7/2/98,7/8/98,2.59,2.66
1998,28,7/9/98,7/15/98,2.95,3.15
1998,29,7/16/98,7/22/98,3.52,3.92
1998,30,7/23/98,7/29/98,5.14,5.4
1998,31,7/30/98,8/5/98,5.23,5.58
1998,32,8/6/98,8/12/98,5.69,5.79
1998,33,8/13/98,8/19/98,6.71,6.95
1998,34,8/20/98,8/26/98,6.18,6.7
1998,35,8/27/98,9/2/98,5.78,6.09
1998,36,9/3/98,9/9/98,5.1,5.24
1998,37,9/10/98,9/16/98,2.87,3.15
1998,38,9/17/98,9/23/98,3.31,3.37
1998,39,9/24/98,9/30/98,2.86,2.85
1998,40,10/1/98,10/7/98,2.56,2.61
1998,41,10/8/98,10/14/98,2.27,2.42
1998,42,10/15/98,10/21/98,2.3,2.46
1998,43,10/22/98,10/28/98,1.87,2.15
1998,44,10/29/98,11/4/98,1.74,1.93
1998,45,11/5/98,11/11/98,1.44,1.74
1998,46,11/12/98,11/18/98,1.31,1.69
1998,47,11/19/98,11/25/98,1.04,1.34
1998,48,11/26/98,12/2/98,0.96,1.21
1998,49,12/3/98,12/9/98,0.7,1
1998,50,12/10/98,12/16/98,0.78,0.99
1998,51,12/17/98,12/23/98,0.71,0.9
1998,52,12/24/98,12/30/98,0.66,0.87
1999,1,1/1/99,1/7/99,0.59,0.76
1999,2,1/8/99,1/14/99,0.5,0.66
1999,3,1/15/99,1/21/99,0.48,0.54
1999,4,1/22/99,1/28/99,0.56,0.67
1999,5,1/29/99,2/4/99,0.57,0.7
1999,6,2/5/99,2/11/99,0.55,0.7
1999,7,2/12/99,2/18/99,0.57,0.71
1999,8,2/19/99,2/25/99,0.77,1.02
1999,9,2/26/99,3/4/99,0.52,0.78
1999,10,3/5/99,3/11/99,0.55,0.77
1999,11,3/12/99,3/18/99,0.62,0.78
1999,12,3/19/99,3/25/99,0.68,0.84
1999,13,3/26/99,4/1/99,0.67,0.76
1999,14,4/2/99,4/8/99,0.63,0.76
1999,15,4/9/99,4/15/99,0.61,0.76
1999,16,4/16/99,4/22/99,0.61,0.76
1999,17,4/23/99,4/29/99,0.61,0.76
1999,18,4/30/99,5/6/99,0.63,0.8
1999,19,5/7/99,5/13/99,0.61,0.76
1999,20,5/14/99,5/20/99,0.61,0.76
1999,21,5/21/99,5/27/99,0.59,0.72
1999,22,5/28/99,6/3/99,0.61,0.74
1999,23,6/4/99,6/10/99,0.58,0.66
1999,24,6/11/99,6/17/99,0.54,0.66
1999,25,6/18/99,6/24/99,0.67,0.8
1999,26,6/25/99,7/1/99,0.72,0.85
1999,27,7/2/99,7/8/99,0.79,0.89
1999,28,7/9/99,7/15/99,0.85,0.91
1999,29,7/16/99,7/22/99,1.12,1.16
1999,30,7/23/99,7/29/99,1.33,1.44
1999,31,7/30/99,8/5/99,1.49,1.73
1999,32,8/6/99,8/12/99,1.62,1.83
1999,33,8/13/99,8/19/99,1.75,2.03
1999,34,8/20/99,8/26/99,2.19,2.46
1999,35,8/27/99,9/2/99,2.13,2.45
1999,36,9/3/99,9/9/99,2.45,2.81
1999,37,9/10/99,9/16/99,2.69,2.9
1999,38,9/17/99,9/23/99,2.6,2.82
1999,39,9/24/99,9/30/99,2.78,2.91
1999,40,10/1/99,10/7/99,2.44,2.83
1999,41,10/8/99,10/14/99,2.56,2.83
1999,42,10/15/99,10/21/99,2.3,2.66
1999,43,10/22/99,10/28/99,2.05,2.29
1999,44,10/29/99,11/4/99,1.91,2.29
1999,45,11/5/99,11/11/99,2.18,2.38
1999,46,11/12/99,11/18/99,1.8,2.26
1999,47,11/19/99,11/25/99,1.78,2.17
1999,48,11/26/99,12/2/99,1.66,2.09
1999,49,12/3/99,12/9/99,1.69,2.07
1999,50,12/10/99,12/16/99,1.58,2
1999,51,12/17/99,12/23/99,1.05,1.67
1999,52,12/24/99,12/30/99,0.96,1.63
2000,1,1/1/00,1/7/00,0.75,1.47
2000,2,1/8/00,1/14/00,0.54,0.99
2000,3,1/15/00,1/21/00,0.53,0.9
2000,4,1/22/00,1/28/00,0.54,0.91
2000,5,1/29/00,2/4/00,0.52,0.9
2000,6,2/5/00,2/11/00,0.52,0.93
2000,7,2/12/00,2/18/00,0.49,0.92
2000,8,2/19/00,2/25/00,0.64,1.03
2000,9,2/26/00,3/3/00,0.61,1
2000,10,3/4/00,3/10/00,0.6,1.01
2000,11,3/11/00,3/17/00,0.67,0.99
2000,12,3/18/00,3/24/00,0.67,0.99
2000,13,3/25/00,3/31/00,0.65,0.9
2000,14,4/1/00,4/7/00,0.72,1.01
2000,15,4/8/00,4/14/00,0.71,0.99
2000,16,4/15/00,4/21/00,0.72,0.98
2000,17,4/22/00,4/28/00,0.73,0.98
2000,18,4/29/00,5/5/00,0.72,0.93
2000,19,5/6/00,5/12/00,0.68,0.87
2000,20,5/13/00,5/19/00,0.65,0.87
2000,21,5/20/00,5/26/00,0.64,0.84
2000,22,5/27/00,6/2/00,0.7,0.85
2000,23,6/3/00,6/9/00,0.76,0.89
2000,24,6/10/00,6/16/00,0.7,0.88
2000,25,6/17/00,6/23/00,0.71,0.89
2000,26,6/24/00,6/30/00,0.68,0.88
2000,27,7/1/00,7/7/00,0.68,0.86
2000,28,7/8/00,7/14/00,0.83,0.94
2000,29,7/15/00,7/21/00,1.01,1.09
2000,30,7/22/00,7/28/00,1.15,1.26
2000,31,7/29/00,8/4/00,1.43,1.65
2000,32,8/5/00,8/11/00,1.29,1.38
2000,33,8/12/00,8/18/00,1.41,1.56
2000,34,8/19/00,8/25/00,1.4,1.66
2000,35,8/26/00,9/1/00,1.64,1.75
2000,36,9/2/00,9/8/00,1.8,1.86
2000,37,9/9/00,9/15/00,1.96,2.04
2000,38,9/16/00,9/22/00,1.76,1.83
2000,39,9/23/00,9/29/00,2.44,2.21
2000,40,9/30/00,10/6/00,1.79,1.76
2000,41,10/7/00,10/13/00,1.64,1.64
2000,42,10/14/00,10/20/00,1.84,1.79
2000,43,10/21/00,10/27/00,2.23,2.26
2000,44,10/28/00,11/3/00,1.88,2.18
2000,45,11/4/00,11/10/00,2.37,2.44
2000,46,11/11/00,11/17/00,2.14,2.18
2000,47,11/18/00,11/24/00,2.09,2.21
2000,48,11/25/00,12/1/00,2.3,2.25
2000,49,12/2/00,12/8/00,2.01,2.15
2000,50,12/9/00,12/15/00,1.67,2.03
2000,51,12/16/00,12/22/00,1.05,1.73
2000,52,12/23/00,12/29/00,1.01,1.78
2001,1,1/1/01,1/7/01,0.81,1.54
2001,2,1/8/01,1/14/01,0.55,1.03
2001,3,1/15/01,1/21/01,0.51,0.77
2001,4,1/22/01,1/28/01,0.47,0.69
2001,5,1/29/01,2/4/01,0.48,0.69
2001,6,2/5/01,2/11/01,0.57,0.81
2001,7,2/12/01,2/18/01,0.6,0.77
2001,8,2/19/01,2/25/01,0.67,0.89
2001,9,2/26/01,3/4/01,0.77,1.03
2001,10,3/5/01,3/11/01,0.72,0.92
2001,11,3/12/01,3/18/01,0.61,0.83
2001,12,3/19/01,3/25/01,0.81,1.04
2001,13,3/26/01,4/1/01,0.59,0.83
2001,14,4/2/01,4/8/01,0.57,0.75
2001,15,4/9/01,4/15/01,0.59,0.75
2001,16,4/16/01,4/22/01,0.56,0.72
2001,17,4/23/01,4/29/01,0.51,0.69
2001,18,4/30/01,5/6/01,0.47,0.62
2001,19,5/7/01,5/13/01,0.52,0.6
2001,20,5/14/01,5/20/01,0.47,0.59
2001,21,5/21/01,5/27/01,0.55,0.69
2001,22,5/28/01,6/3/01,0.46,0.61
2001,23,6/4/01,6/10/01,0.52,0.67
2001,24,6/11/01,6/17/01,0.62,0.79
2001,25,6/18/01,6/24/01,0.67,0.85
2001,26,6/25/01,7/1/01,0.68,0.84
2001,27,7/2/01,7/8/01,1.01,1.21
2001,28,7/9/01,7/15/01,1.34,1.41
2001,29,7/16/01,7/22/01,1.59,1.63
2001,30,7/23/01,7/29/01,1.62,1.79
2001,31,7/30/01,8/5/01,2.29,2.29
2001,32,8/6/01,8/12/01,2.6,2.66
2001,33,8/13/01,8/19/01,2.93,2.89
2001,34,8/20/01,8/26/01,3.08,3.2
2001,35,8/27/01,9/2/01,3.22,3.28
2001,36,9/3/01,9/9/01,3.9,4.26
2001,37,9/10/01,9/16/01,3.71,3.83
2001,38,9/17/01,9/23/01,4.26,4.01
2001,39,9/24/01,9/30/01,4.51,4.4
2001,40,10/1/01,10/7/01,4.64,4.6
2001,41,10/8/01,10/14/01,4.67,4.8
2001,42,10/15/01,10/21/01,3.87,4.02
2001,43,10/22/01,10/28/01,2.96,3.2
2001,44,10/29/01,11/4/01,2.49,2.96
2001,45,11/5/01,11/11/01,2.27,2.83
2001,46,11/12/01,11/18/01,2.19,2.48
2001,47,11/19/01,11/25/01,1.61,2.04
2001,48,11/26/01,12/2/01,1.12,1.42
2001,49,12/3/01,12/9/01,0.8,1.17
2001,50,12/10/01,12/16/01,0.69,0.82
2001,51,12/17/01,12/23/01,0.59,0.73
2001,52,12/24/01,12/30/01,0.57,0.73
2002,1,1/1/02,1/7/02,0.58,0.67
2002,2,1/8/02,1/14/02,0.5,0.58
2002,3,1/15/02,1/21/02,0.45,0.57
2002,4,1/22/02,1/28/02,0.6,0.64
2002,5,1/29/02,2/4/02,0.55,0.62
2002,6,2/5/02,2/11/02,0.71,0.79
2002,7,2/12/02,2/18/02,0.61,0.69
2002,8,2/19/02,2/25/02,0.7,0.73
2002,9,2/26/02,3/4/02,0.64,0.72
2002,10,3/5/02,3/11/02,0.65,0.75
2002,11,3/12/02,3/18/02,0.62,0.62
2002,12,3/19/02,3/25/02,0.66,0.67
2002,13,3/26/02,4/1/02,0.7,0.73
2002,14,4/2/02,4/8/02,0.59,0.64
2002,15,4/9/02,4/15/02,0.53,0.6
2002,16,4/16/02,4/22/02,0.52,0.6
2002,17,4/23/02,4/29/02,0.52,0.61
2002,18,4/30/02,5/6/02,0.55,0.63
2002,19,5/7/02,5/13/02,0.54,0.63
2002,20,5/14/02,5/20/02,0.66,0.72
2002,21,5/21/02,5/27/02,0.64,0.69
2002,22,5/28/02,6/3/02,0.58,0.61
2002,23,6/4/02,6/10/02,0.6,0.63
2002,24,6/11/02,6/17/02,0.64,0.74
2002,25,6/18/02,6/24/02,0.62,0.71
2002,26,6/25/02,7/1/02,0.6,0.72
2002,27,7/2/02,7/8/02,0.79,0.86
2002,28,7/9/02,7/15/02,0.83,0.92
2002,29,7/16/02,7/22/02,0.91,1.02
2002,30,7/23/02,7/29/02,1.08,1.07
2002,31,7/30/02,8/5/02,1.08,1.16
2002,32,8/6/02,8/12/02,1.29,1.43
2002,33,8/13/02,8/19/02,2.07,1.9
2002,34,8/20/02,8/26/02,2.21,2.04
2002,35,8/27/02,9/2/02,2.23,2.21
2002,36,9/3/02,9/9/02,2.72,2.83
2002,37,9/10/02,9/16/02,2.53,2.65
2002,38,9/17/02,9/23/02,2.69,2.57
2002,39,9/24/02,9/30/02,2.54,2.46
2002,40,10/1/02,10/7/02,2.25,2.32
2002,41,10/8/02,10/14/02,1.98,2.07
2002,42,10/15/02,10/21/02,1.28,1.31
2002,43,10/22/02,10/28/02,0.84,0.82
2002,44,10/29/02,11/4/02,0.91,1.06
2002,45,11/5/02,11/11/02,0.73,0.82
2002,46,11/12/02,11/18/02,0.61,0.74
2002,47,11/19/02,11/25/02,0.55,0.62
2002,48,11/26/02,12/2/02,0.51,0.62
2002,49,12/3/02,12/9/02,0.6,0.75
2002,50,12/10/02,12/16/02,0.77,0.94
2002,51,12/17/02,12/23/02,0.72,1.04
2002,52,12/24/02,12/30/02,0.78,1.13
2003,1,1/1/03,1/7/03,0.74,0.93
2003,2,1/8/03,1/14/03,0.61,0.8
2003,3,1/15/03,1/21/03,0.56,0.67
2003,4,1/22/03,1/28/03,0.48,0.63
2003,5,1/29/03,2/4/03,0.47,0.61
2003,6,2/5/03,2/11/03,0.53,0.68
2003,7,2/12/03,2/18/03,0.44,0.59
2003,8,2/19/03,2/25/03,0.5,0.67
2003,9,2/26/03,3/4/03,0.57,0.72
2003,10,3/5/03,3/11/03,0.58,0.69
2003,11,3/12/03,3/18/03,0.55,0.69
2003,12,3/19/03,3/25/03,0.73,0.85
2003,13,3/26/03,4/1/03,0.64,0.81
2003,14,4/2/03,4/8/03,0.74,0.88
2003,15,4/9/03,4/15/03,0.9,1.09
2003,16,4/16/03,4/22/03,0.82,0.97
2003,17,4/23/03,4/29/03,0.64,1.28
2003,18,4/30/03,5/6/03,0.74,0.8
2003,19,5/7/03,5/13/03,0.81,1.3
2003,20,5/14/03,5/20/03,0.64,0.74
2003,21,5/21/03,5/27/03,0.74,0.89
2003,22,5/28/03,6/3/03,0.65,0.68
2003,23,6/4/03,6/10/03,0.58,0.55
2003,24,6/11/03,6/17/03,0.6,0.55
2003,25,6/18/03,6/24/03,0.71,0.83
2003,26,6/25/03,7/1/03,0.68,0.78
2003,27,7/2/03,7/8/03,0.7,0.73
2003,28,7/9/03,7/15/03,0.68,0.76
2003,29,7/16/03,7/22/03,0.67,0.71
2003,30,7/23/03,7/29/03,0.73,0.68
2003,31,7/30/03,8/5/03,0.68,0.71
2003,32,8/6/03,8/12/03,0.57,0.59
2003,33,8/13/03,8/19/03,0.65,0.64
2003,34,8/20/03,8/26/03,0.71,0.73
2003,35,8/27/03,9/2/03,0.6,0.64
2003,36,9/3/03,9/9/03,0.61,0.61
2003,37,9/10/03,9/16/03,0.63,0.62
2003,38,9/17/03,9/23/03,0.64,0.66
2003,39,9/24/03,9/30/03,0.84,0.86
2003,40,10/1/03,10/7/03,0.79,0.71
2003,41,10/8/03,10/14/03,0.73,0.72
2003,42,10/15/03,10/21/03,0.7,0.7
2003,43,10/22/03,10/28/03,0.72,0.71
2003,44,10/29/03,11/4/03,0.86,0.88
2003,45,11/5/03,11/11/03,0.85,0.82
2003,46,11/12/03,11/18/03,0.75,0.76
2003,47,11/19/03,11/25/03,0.85,0.85
2003,48,11/26/03,12/2/03,0.76,0.86
2003,49,12/3/03,12/9/03,0.76,0.91
2003,50,12/10/03,12/16/03,0.72,0.82
2003,51,12/17/03,12/23/03,0.7,0.86
2003,52,12/24/03,12/30/03,0.76,0.9
2004,1,1/1/04,1/7/04,0.69,0.85
2004,2,1/8/04,1/14/04,0.55,0.73
2004,3,1/15/04,1/21/04,0.64,0.72
2004,4,1/22/04,1/28/04,0.6,0.7
2004,5,1/29/04,2/4/04,0.58,0.7
2004,6,2/5/04,2/11/04,0.53,0.64
2004,7,2/12/04,2/18/04,0.62,0.69
2004,8,2/19/04,2/25/04,0.61,0.68
2004,9,2/26/04,3/3/04,1.16,1.01
2004,10,3/4/04,3/10/04,0.68,0.84
2004,11,3/11/04,3/17/04,0.68,0.7
2004,12,3/18/04,3/24/04,0.68,0.73
2004,13,3/25/04,3/31/04,0.81,0.84
2004,14,4/1/04,4/7/04,0.82,0.91
2004,15,4/8/04,4/14/04,0.91,0.91
2004,16,4/15/04,4/21/04,0.81,0.92
2004,17,4/22/04,4/28/04,0.7,0.79
2004,18,4/29/04,5/5/04,0.72,0.76
2004,19,5/6/04,5/12/04,0.67,0.74
2004,20,5/13/04,5/19/04,0.68,0.68
2004,21,5/20/04,5/26/04,0.65,0.69
2004,22,5/27/04,6/2/04,0.67,0.67
2004,23,6/3/04,6/9/04,0.67,0.69
2004,24,6/10/04,6/16/04,0.73,0.71
2004,25,6/17/04,6/23/04,0.75,0.7
2004,26,6/24/04,6/30/04,0.84,0.79
2004,27,7/1/04,7/7/04,0.84,0.82
2004,28,7/8/04,7/14/04,0.84,0.83
2004,29,7/15/04,7/21/04,1.02,1
2004,30,7/22/04,7/28/04,1.02,0.98
2004,31,7/29/04,8/4/04,0.94,0.88
2004,32,8/5/04,8/11/04,1.05,1.03
2004,33,8/12/04,8/18/04,1.24,1.25
2004,34,8/19/04,8/25/04,1.15,1.11
2004,35,8/26/04,9/1/04,1.18,1.09
2004,36,9/2/04,9/8/04,1.37,1.4
2004,37,9/9/04,9/15/04,1.11,1.16
2004,38,9/16/04,9/22/04,1.2,1.02
2004,39,9/23/04,9/29/04,1.28,1.15
2004,40,9/30/04,10/6/04,1.34,1.17
2004,41,10/7/04,10/13/04,1.62,1.48
2004,42,10/14/04,10/20/04,1.75,1.54
2004,43,10/21/04,10/27/04,1.72,1.45
2004,44,10/28/04,11/3/04,1.32,1.28
2004,45,11/4/04,11/10/04,1.48,1.41
2004,46,11/11/04,11/17/04,1.35,1.32
2004,47,11/18/04,11/24/04,1.06,1.18
2004,48,11/25/04,12/1/04,1.08,1.21
2004,49,12/2/04,12/8/04,0.99,1.2
2004,50,12/9/04,12/15/04,0.82,1.18
2004,51,12/16/04,12/22/04,0.62,0.98
2004,52,12/23/04,12/29/04,0.7,1.04
2005,1,1/1/05,1/7/05,0.66,1.02
2005,2,1/8/05,1/14/05,0.49,0.78
2005,3,1/15/05,1/21/05,0.57,0.8
2005,4,1/22/05,1/28/05,0.59,0.75
2005,5,1/29/05,2/4/05,0.55,0.81
2005,6,2/5/05,2/11/05,0.56,0.72
2005,7,2/12/05,2/18/05,0.55,0.77
2005,8,2/19/05,2/25/05,0.55,0.73
2005,9,2/26/05,3/4/05,0.58,0.83
2005,10,3/5/05,3/11/05,0.72,0.99
2005,11,3/12/05,3/18/05,0.62,0.84
2005,12,3/19/05,3/25/05,0.66,0.9
2005,13,3/26/05,4/1/05,0.73,0.98
2005,14,4/2/05,4/8/05,0.64,0.93
2005,15,4/9/05,4/15/05,0.61,0.88
2005,16,4/16/05,4/22/05,0.64,0.83
2005,17,4/23/05,4/29/05,0.58,0.84
2005,18,4/30/05,5/6/05,0.58,0.8
2005,19,5/7/05,5/13/05,0.55,0.73
2005,20,5/14/05,5/20/05,0.53,0.68
2005,21,5/21/05,5/27/05,0.54,0.68
2005,22,5/28/05,6/3/05,0.6,0.74
2005,23,6/4/05,6/10/05,0.54,0.68
2005,24,6/11/05,6/17/05,0.61,0.7
2005,25,6/18/05,6/24/05,0.72,0.93
2005,26,6/25/05,7/1/05,0.62,0.79
2005,27,7/2/05,7/8/05,0.76,0.93
2005,28,7/9/05,7/15/05,0.8,0.97
2005,29,7/16/05,7/22/05,0.83,0.97
2005,30,7/23/05,7/29/05,0.81,0.94
2005,31,7/30/05,8/5/05,0.93,1.02
2005,32,8/6/05,8/12/05,0.96,1.01
2005,33,8/13/05,8/19/05,0.91,0.91
2005,34,8/20/05,8/26/05,1.01,1.04
2005,35,8/27/05,9/2/05,1.04,1.1
2005,36,9/3/05,9/9/05,0.93,0.95
2005,37,9/10/05,9/16/05,0.89,0.92
2005,38,9/17/05,9/23/05,0.93,0.93
2005,39,9/24/05,9/30/05,0.78,0.8
2005,40,10/1/05,10/7/05,0.89,0.82
2005,41,10/8/05,10/14/05,0.92,0.94
2005,42,10/15/05,10/21/05,0.74,0.88
2005,43,10/22/05,10/28/05,0.77,0.94
2005,44,10/29/05,11/4/05,1.04,1.08
2005,45,11/5/05,11/11/05,1.06,1.27
2005,46,11/12/05,11/18/05,0.93,1.01
2005,47,11/19/05,11/25/05,0.84,1.02
2005,48,11/26/05,12/2/05,0.84,1.04
2005,49,12/3/05,12/9/05,0.98,0.97
2005,50,12/10/05,12/16/05,0.87,0.93
2005,51,12/17/05,12/23/05,0.75,0.88
2005,52,12/24/05,12/30/05,0.82,0.84
2006,1,1/1/06,1/7/06,0.79,0.83
2006,2,1/8/06,1/14/06,0.74,0.85
2006,3,1/15/06,1/21/06,0.62,0.8
2006,4,1/22/06,1/28/06,0.62,0.8
2006,5,1/29/06,2/4/06,0.62,0.8
2006,6,2/5/06,2/11/06,0.62,0.73
2006,7,2/12/06,2/18/06,0.57,0.72
2006,8,2/19/06,2/25/06,0.7,0.95
2006,9,2/26/06,3/4/06,0.72,0.98
2006,10,3/5/06,3/11/06,0.75,0.87
2006,11,3/12/06,3/18/06,0.69,0.89
2006,12,3/19/06,3/25/06,0.64,0.83
2006,13,3/26/06,4/1/06,0.69,0.85
2006,14,4/2/06,4/7/06,0.67,0.77
2006,15,4/9/06,4/15/06,0.63,0.83
2006,16,4/16/06,4/22/06,0.64,0.79
2006,17,4/23/06,4/29/06,0.58,0.68
2006,18,4/30/06,5/6/06,0.64,0.64
2006,19,5/7/06,5/13/06,0.5,0.53
2006,20,5/14/06,5/20/06,0.56,0.52
2006,21,5/21/06,5/27/06,0.55,0.58
2006,22,5/28/06,6/3/06,0.48,0.55
2006,23,6/4/06,6/10/06,0.49,0.69
2006,24,6/11/06,6/15/06,0.6,0.71
2006,25,6/18/06,6/24/06,0.6,0.7
2006,26,6/25/06,7/1/06,0.81,0.92
2006,27,7/2/06,7/8/06,0.82,0.91
2006,28,7/9/06,7/15/06,0.99,1.1
2006,29,7/16/06,7/22/06,1,1.16
2006,30,7/23/06,7/29/06,1.17,1.35
2006,31,7/30/06,8/5/06,0.96,1.17
2006,32,8/6/06,8/12/06,0.96,1.04
2006,33,8/13/06,8/19/06,1.19,1.48
2006,34,8/20/06,8/25/06,1.18,1.26
2006,35,8/27/06,9/2/06,0.91,1.09
2006,36,9/3/06,9/9/06,1.36,1.54
2006,37,9/10/06,9/16/06,1.25,1.28
2006,38,9/17/06,9/23/06,0.87,0.98
2006,39,9/24/06,9/30/06,0.74,0.83
2006,40,10/1/06,10/5/06,0.72,0.81
2006,41,10/8/06,10/14/06,0.65,0.8
2006,42,10/15/06,10/21/06,0.8,0.82
2006,43,10/22/06,10/28/06,0.78,0.78
2006,44,10/29/06,11/3/06,0.65,0.66
2006,45,11/5/06,11/11/06,0.65,0.67
2006,46,11/12/06,11/18/06,0.74,0.71
2006,47,11/19/06,11/24/06,0.72,0.73
2006,48,11/26/06,12/2/06,0.76,0.88
2006,49,12/3/06,12/9/06,0.72,0.85
2006,50,12/10/06,12/16/06,0.6,0.76
2006,51,12/17/06,12/23/06,0.56,0.81
2006,52,12/24/06,12/30/06,0.59,0.85
2007,1,1/1/07,1/7/07,0.55,0.79
2007,2,1/8/07,1/14/07,0.55,0.72
2007,3,1/15/07,1/21/07,0.61,0.75
2007,4,1/22/07,1/28/07,0.6,0.79
2007,5,1/29/07,2/4/07,0.56,0.73
2007,6,2/5/07,2/11/07,0.63,0.79
2007,7,2/12/07,2/18/07,0.62,0.8
2007,8,2/19/07,2/25/07,0.68,0.84
2007,9,2/26/07,3/4/07,0.73,0.95
2007,10,3/5/07,3/11/07,0.69,0.91
2007,11,3/12/07,3/18/07,0.74,0.9
2007,12,3/19/07,3/25/07,0.72,0.87
2007,13,3/26/07,4/1/07,0.79,0.97
2007,14,4/2/07,4/8/07,0.82,1.04
2007,15,4/9/07,4/15/07,0.82,0.99
2007,16,4/16/07,4/22/07,0.66,0.78
2007,17,4/23/07,4/29/07,0.61,0.7
2007,18,4/30/07,5/6/07,0.75,0.8
2007,19,5/7/07,5/13/07,0.7,0.78
2007,20,5/14/07,5/20/07,0.7,0.79
2007,21,5/21/07,5/27/07,0.64,0.82
2007,22,5/28/07,6/3/07,0.67,0.8
2007,23,6/4/07,6/10/07,0.76,0.88
2007,24,6/11/07,6/17/07,0.75,0.85
2007,25,6/18/07,6/24/07,0.87,0.97
2007,26,6/25/07,7/1/07,0.91,0.97
2007,27,7/2/07,7/8/07,0.84,0.82
2007,28,7/9/07,7/15/07,0.96,1.02
2007,29,7/16/07,7/22/07,1.04,0.98
2007,30,7/23/07,7/29/07,1.02,0.98
2007,31,7/30/07,8/5/07,0.99,1.01
2007,32,8/6/07,8/12/07,0.99,0.93
2007,33,8/13/07,8/19/07,1.02,0.91
2007,34,8/20/07,8/26/07,0.88,0.83
2007,35,8/27/07,9/2/07,0.8,0.83
2007,36,9/3/07,9/9/07,1.1,1.05
2007,37,9/10/07,9/16/07,1.12,1.12
2007,38,9/17/07,9/23/07,1.03,1.05
2007,39,9/24/07,9/30/07,1.07,1.17
2007,40,10/1/07,10/7/07,1.17,1.26
2007,41,10/8/07,10/14/07,1.2,1.37
2007,42,10/15/07,10/21/07,1.28,1.43
2007,43,10/22/07,10/28/07,1.23,1.3
2007,44,10/29/07,11/4/07,1.14,1.28
2007,45,11/5/07,11/11/07,1.29,1.55
2007,46,11/12/07,11/18/07,1.28,1.32
2007,47,11/19/07,11/25/07,1.24,1.24
2007,48,11/26/07,12/2/07,1.06,1.19
2007,49,12/3/07,12/9/07,1,1.1
2007,50,12/10/07,12/16/07,1,0.98
2007,51,12/17/07,12/23/07,0.86,0.91
2007,52,12/24/07,12/30/07,0.83,0.96
2008,1,1/1/08,1/7/08,0.83,0.9
2008,2,1/8/08,1/14/08,0.62,0.78
2008,3,1/15/08,1/21/08,0.51,0.56
2008,4,1/22/08,1/28/08,0.63,0.74
2008,5,1/29/08,2/4/08,0.75,0.86
2008,6,2/5/08,2/11/08,0.72,0.86
2008,7,2/12/08,2/18/08,0.83,1.07
2008,8,2/19/08,2/25/08,1.07,1.17
2008,9,2/26/08,3/3/08,0.72,0.9
2008,10,3/4/08,3/10/08,0.63,0.74
2008,11,3/11/08,3/17/08,0.61,0.69
2008,12,3/18/08,3/24/08,0.8,0.99
2008,13,3/25/08,3/31/08,0.67,0.75
2008,14,4/1/08,4/7/08,0.7,0.77
2008,15,4/8/08,4/14/08,0.61,0.7
2008,16,4/15/08,4/21/08,0.61,0.73
2008,17,4/22/08,4/28/08,0.72,0.87
2008,18,4/29/08,5/5/08,0.72,0.82
2008,19,5/6/08,5/12/08,0.7,0.73
2008,20,5/13/08,5/19/08,0.74,0.82
2008,21,5/20/08,5/26/08,0.69,0.76
2008,22,5/27/08,6/2/08,0.7,0.78
2008,23,6/3/08,6/9/08,0.72,0.81
2008,24,6/10/08,6/16/08,0.81,0.89
2008,25,6/17/08,6/23/08,0.81,0.99
2008,26,6/24/08,6/30/08,0.99,1.23
2008,27,7/1/08,7/7/08,1.15,1.39
2008,28,7/8/08,7/14/08,1.5,1.44
2008,29,7/15/08,7/21/08,1.59,1.59
2008,30,7/22/08,7/28/08,1.7,1.67
2008,31,7/29/08,8/4/08,1.82,1.92
2008,32,8/5/08,8/11/08,2.07,2.08
2008,33,8/12/08,8/18/08,2.61,2.68
2008,34,8/19/08,8/25/08,2.49,2.62
2008,35,8/26/08,9/1/08,2.62,2.47
2008,36,9/2/08,9/8/08,3.06,2.71
2008,37,9/9/08,9/15/08,3.46,3.47
2008,38,9/16/08,9/22/08,3.56,3.58
2008,39,9/23/08,9/29/08,3.23,3.33
2008,40,9/30/08,10/6/08,3.17,3.35
2008,41,10/7/08,10/13/08,2.82,2.48
2008,42,10/14/08,10/20/08,1.91,1.59
2008,43,10/21/08,10/27/08,1.38,1.42
2008,44,10/28/08,11/3/08,1.01,1.33
2008,45,11/4/08,11/10/08,0.86,1.01
2008,46,11/11/08,11/17/08,0.76,0.94
2008,47,11/18/08,11/24/08,0.86,1.09
2008,48,11/25/08,12/1/08,0.65,0.81
2008,49,12/2/08,12/8/08,0.71,0.99
2008,50,12/9/08,12/15/08,0.66,0.79
2008,51,12/16/08,12/22/08,0.62,0.83
2008,52,12/23/08,12/29/08,0.6,0.8
2009,1,1/1/09,1/7/09,0.61,0.85
2009,2,1/8/09,1/14/09,0.59,0.72
2009,3,1/15/09,1/21/09,0.68,0.91
2009,4,1/22/09,1/28/09,0.66,0.84
2009,5,1/29/09,2/4/09,0.61,0.83
2009,6,2/5/09,2/11/09,0.74,1.04
2009,7,2/12/09,2/18/09,0.78,1.19
2009,8,2/19/09,2/25/09,0.77,1.19
2009,9,2/26/09,3/4/09,0.8,1.19
2009,10,3/5/09,3/11/09,0.83,1.19
2009,11,3/12/09,3/18/09,0.86,1.34
2009,12,3/19/09,3/25/09,0.85,1.42
2009,13,3/26/09,4/1/09,0.74,1.21
2009,14,4/2/09,4/8/09,0.72,1.17
2009,15,4/9/09,4/15/09,0.81,1.25
2009,16,4/16/09,4/22/09,0.73,1.15
2009,17,4/23/09,4/29/09,0.65,0.95
2009,18,4/30/09,5/6/09,0.62,0.91
2009,19,5/7/09,5/13/09,0.64,0.95
2009,20,5/14/09,5/20/09,0.56,0.83
2009,21,5/21/09,5/27/09,0.54,0.84
2009,22,5/28/09,6/3/09,0.55,0.8
2009,23,6/4/09,6/10/09,0.56,0.85
2009,24,6/11/09,6/17/09,0.64,0.91
2009,25,6/18/09,6/24/09,0.66,0.92
2009,26,6/25/09,7/1/09,0.74,1.05
2009,27,7/2/09,7/8/09,0.77,1.21
2009,28,7/9/09,7/15/09,1.07,1.52
2009,29,7/16/09,7/22/09,1.06,1.55
2009,30,7/23/09,7/29/09,1.2,1.7
2009,31,7/30/09,8/5/09,1.17,1.72
2009,32,8/6/09,8/12/09,0.99,1.28
2009,33,8/13/09,8/19/09,0.82,1.08
2009,34,8/20/09,8/26/09,0.77,1.14
2009,35,8/27/09,9/2/09,0.77,1.13
2009,36,9/3/09,9/9/09,0.73,1.02
2009,37,9/10/09,9/16/09,0.69,0.99
2009,38,9/17/09,9/23/09,0.72,1.07
2009,39,9/24/09,9/30/09,0.77,1.08
2009,40,10/1/09,10/7/09,0.81,1.13
2009,41,10/8/09,10/14/09,1.24,1.71
2009,42,10/15/09,10/21/09,0.97,1.51
2009,43,10/22/09,10/28/09,1.04,1.58
2009,44,10/29/09,11/4/09,1.1,1.64
2009,45,11/5/09,11/11/09,1.19,1.76
2009,46,11/12/09,11/18/09,1.12,1.68
2009,47,11/19/09,11/25/09,1.37,2.03
2009,48,11/26/09,12/2/09,1.51,2.21
2009,49,12/3/09,12/9/09,1.35,1.88
2009,50,12/10/09,12/16/09,1.41,1.91
2009,51,12/17/09,12/23/09,1.59,1.81
2009,52,12/24/09,12/30/09,1.59,1.87
2010,1,1/1/10,1/7/10,0.89,1.48
2010,2,1/8/10,1/14/10,0.66,1.17
2010,3,1/15/10,1/21/10,0.58,0.93
2010,4,1/22/10,1/28/10,0.58,0.9
2010,5,1/29/10,2/4/10,0.58,0.81
2010,6,2/5/10,2/11/10,0.66,1.09
2010,7,2/12/10,2/18/10,0.6,0.97
2010,8,2/19/10,2/25/10,0.58,0.89
2010,9,2/26/10,3/4/10,0.68,1
2010,10,3/5/10,3/11/10,0.69,1.09
2010,11,3/12/10,3/18/10,0.77,1.12
2010,12,3/19/10,3/25/10,0.67,1.03
2010,13,3/26/10,4/1/10,0.68,1.11
2010,14,4/2/10,4/8/10,0.75,1.13
2010,15,4/9/10,4/15/10,0.62,1.05
2010,16,4/16/10,4/22/10,0.73,1.18
2010,17,4/23/10,4/29/10,0.67,1.01
2010,18,4/30/10,5/6/10,0.66,0.98
2010,19,5/7/10,5/13/10,0.59,0.91
2010,20,5/14/10,5/20/10,0.59,0.93
2010,21,5/21/10,5/27/10,0.58,0.94
2010,22,5/28/10,6/3/10,0.63,1.02
2010,23,6/4/10,6/10/10,0.76,1.14
2010,24,6/11/10,6/17/10,0.68,1
2010,25,6/18/10,6/24/10,0.76,1.18
2010,26,6/25/10,7/1/10,0.83,1.26
2010,27,7/2/10,7/8/10,0.84,1.2
2010,28,7/9/10,7/15/10,0.82,1.21
2010,29,7/16/10,7/22/10,1.13,1.62
2010,30,7/23/10,7/29/10,1.18,1.66
2010,31,7/30/10,8/5/10,1.26,1.76
2010,32,8/6/10,8/12/10,1.14,1.64
2010,33,8/13/10,8/19/10,1.19,1.76
2010,34,8/20/10,8/26/10,1.37,1.88
2010,35,8/27/10,9/2/10,1.3,1.82
2010,36,9/3/10,9/9/10,1.49,2
2010,37,9/10/10,9/16/10,1.29,1.81
2010,38,9/17/10,9/23/10,1.44,2.15
2010,39,9/24/10,9/30/10,1.71,2.03
2010,40,10/1/10,10/7/10,1.53,1.89
2010,41,10/8/10,10/14/10,1.53,1.88
2010,42,10/15/10,10/21/10,1.62,1.88
2010,43,10/22/10,10/28/10,1.64,1.75
2010,44,10/29/10,11/4/10,1.34,1.56
2010,45,11/5/10,11/11/10,1.32,1.97
2010,46,11/12/10,11/18/10,1.24,1.84
2010,47,11/19/10,11/25/10,1.29,2.01
2010,48,11/26/10,12/2/10,1.35,1.94
2010,49,12/3/10,12/9/10,1.38,1.81
2010,50,12/10/10,12/16/10,1.31,2
2010,51,12/17/10,12/23/10,1.27,1.94
2010,52,12/24/10,12/30/10,1.43,2.2
2011,1,1/1/11,1/7/11,1.49,2.27
2011,2,1/8/11,1/14/11,1.25,1.78
2011,3,1/15/11,1/21/11,0.94,1.49
2011,4,1/22/11,1/28/11,0.81,1.34
2011,5,1/29/11,2/4/11,0.78,1.46
2011,6,2/5/11,2/11/11,0.75,1.32
2011,7,2/12/11,2/18/11,0.74,1.21
2011,8,2/19/11,2/25/11,0.83,1.28
2011,9,2/26/11,3/4/11,0.88,1.44
2011,10,3/5/11,3/11/11,1.02,1.71
2011,11,3/12/11,3/18/11,0.95,1.67
2011,12,3/19/11,3/25/11,0.95,1.58
2011,13,3/26/11,4/1/11,0.87,1.45
2011,14,4/2/11,4/8/11,0.91,1.41
2011,15,4/9/11,4/15/11,0.94,1.54
2011,16,4/16/11,4/22/11,0.9,1.41
2011,17,4/23/11,4/29/11,0.91,1.41
2011,18,4/30/11,5/6/11,0.85,1.25
2011,19,5/7/11,5/13/11,0.76,1.2
2011,20,5/14/11,5/20/11,0.72,1.3
2011,21,5/21/11,5/27/11,0.71,1.23
2011,22,5/28/11,6/3/11,0.72,1.23
2011,23,6/4/11,6/10/11,0.82,1.41
2011,24,6/11/11,6/17/11,0.91,1.55
2011,25,6/18/11,6/24/11,0.92,1.55
2011,26,6/25/11,7/1/11,0.93,1.56
2011,27,7/2/11,7/8/11,1.04,1.86
2011,28,7/9/11,7/15/11,0.99,1.59
2011,29,7/16/11,7/22/11,0.98,1.61
2011,30,7/23/11,7/29/11,0.94,1.57
2011,31,7/30/11,8/5/11,0.96,1.58
2011,32,8/6/11,8/12/11,0.93,1.39
2011,33,8/13/11,8/19/11,0.97,1.38
2011,34,8/20/11,8/26/11,1.06,1.45
2011,35,8/27/11,9/2/11,1.23,1.7
2011,36,9/3/11,9/9/11,1.24,1.66
2011,37,9/10/11,9/16/11,1.19,1.58
2011,38,9/17/11,9/23/11,1.32,1.74
2011,39,9/24/11,9/30/11,1.41,1.77
2011,40,10/1/11,10/7/11,1.39,1.82
2011,41,10/8/11,10/14/11,1.54,2.22
2011,42,10/15/11,10/21/11,1.32,2.11
2011,43,10/22/11,10/28/11,1.32,2
2011,44,10/29/11,11/4/11,1.5,2.1
2011,45,11/5/11,11/11/11,2.03,2.57
2011,46,11/12/11,11/18/11,1.94,2.35
2011,47,11/19/11,11/25/11,1.98,2.28
2011,48,11/26/11,12/2/11,1.97,2.26
2011,49,12/3/11,12/9/11,1.8,2.34
2011,50,12/10/11,12/16/11,1.7,2.4
2011,51,12/17/11,12/23/11,1.75,2.31
2011,52,12/24/11,12/30/11,1.72,2.49
2012,1,1/1/12,1/7/12,1.42,2.22
2012,2,1/8/12,1/14/12,1.37,2.16
2012,3,1/15/12,1/21/12,1.2,1.92
2012,4,1/22/12,1/28/12,1.04,1.64
2012,5,1/29/12,2/4/12,1.03,1.65
2012,6,2/5/12,2/11/12,0.95,1.53
2012,7,2/12/12,2/18/12,0.98,1.53
2012,8,2/19/12,2/25/12,0.84,1.36
2012,9,2/26/12,3/3/12,0.94,1.5
2012,10,3/4/12,3/10/12,0.94,1.42
2012,11,3/11/12,3/17/12,0.98,1.49
2012,12,3/18/12,3/24/12,1.06,1.6
2012,13,3/25/12,3/31/12,1.03,1.41
2012,14,4/1/12,4/7/12,0.85,1.33
2012,15,4/8/12,4/14/12,1.04,1.48
2012,16,4/15/12,4/21/12,0.84,1.22
2012,17,4/22/12,4/28/12,0.89,1.27
2012,18,4/29/12,5/5/12,0.94,1.32
2012,19,5/6/12,5/12/12,0.92,1.32
2012,20,5/13/12,5/19/12,1.06,1.55
2012,21,5/20/12,5/26/12,1.01,1.5
2012,22,5/27/12,6/2/12,1.04,1.57
2012,23,6/3/12,6/9/12,1.21,1.85
2012,24,6/10/12,6/16/12,1.26,1.62
2012,25,6/17/12,6/23/12,1.47,2.05
2012,26,6/24/12,6/30/12,1.48,1.96
2012,27,7/1/12,7/7/12,1.77,2.15
2012,28,7/8/12,7/14/12,1.88,2.17
2012,29,7/15/12,7/21/12,2.18,2.41
2012,30,7/22/12,7/28/12,2.47,2.56
2012,31,7/29/12,8/4/12,2.97,3.3
2012,32,8/5/12,8/11/12,2.88,3.19
2012,33,8/12/12,8/18/12,3.16,3.49
2012,34,8/19/12,8/25/12,3.52,3.9
2012,35,8/26/12,9/1/12,3.45,3.74
2012,36,9/2/12,9/8/12,3.41,3.75
2012,37,9/9/12,9/15/12,3.35,3.78
2012,38,9/16/12,9/22/12,3.18,3.9
2012,39,9/23/12,9/29/12,2.66,3.24
2012,40,9/30/12,10/6/12,2.41,2.77
2012,41,10/7/12,10/13/12,2.25,2.52
2012,42,10/14/12,10/20/12,1.95,2.15
2012,43,10/21/12,10/26/12,1.58,1.98
2012,44,11/1/12,11/3/12,1.42,1.44
2012,45,11/4/12,11/10/12,1.29,1.44
2012,46,11/11/12,11/17/12,1.07,1.35
2012,47,11/18/12,11/24/12,0.97,1.53
2012,48,11/25/12,12/1/12,1.09,1.56
2012,49,12/2/12,12/8/12,1.22,1.7
2012,50,12/9/12,12/15/12,1.3,1.9
2012,51,12/16/12,12/22/12,1.46,2.19
2012,52,12/23/12,12/29/12,1.66,2.24
2013,1,1/1/13,1/7/13,1.28,2.12
2013,2,1/8/13,1/14/13,1.13,1.73
2013,3,1/15/13,1/21/13,0.94,1.39
2013,4,1/22/13,1/28/13,1.02,1.5
2013,5,1/29/13,2/4/13,1.1,1.52
2013,6,2/5/13,2/11/13,0.92,1.4
2013,7,2/12/13,2/18/13,0.94,1.46
2013,8,2/19/13,2/25/13,0.99,1.5
2013,9,2/26/13,3/4/13,0.82,1.23
2013,10,3/5/13,3/11/13,0.88,1.3
2013,11,3/12/13,3/18/13,0.83,1.3
2013,12,3/19/13,3/25/13,0.86,1.21
2013,13,3/26/13,4/1/13,0.81,1.17
2013,14,4/2/13,4/8/13,0.89,1.36
2013,15,4/9/13,4/15/13,0.65,0.96
2013,16,4/16/13,4/22/13,0.68,0.98
2013,17,4/23/13,4/29/13,0.69,1.01
2013,18,4/30/13,5/6/13,0.78,1.09
2013,19,5/7/13,5/13/13,0.73,1.07
2013,20,5/14/13,5/20/13,0.66,0.95
2013,21,5/21/13,5/27/13,0.74,1.17
2013,22,5/28/13,6/3/13,0.63,0.93
2013,23,6/4/13,6/10/13,0.64,0.98
2013,24,6/11/13,6/17/13,0.62,0.95
2013,25,6/18/13,6/24/13,0.77,1.12
2013,26,6/25/13,7/1/13,0.86,1.14
2013,27,7/2/13,7/8/13,0.88,1.12
2013,28,7/9/13,7/15/13,1.07,1.44
2013,29,7/16/13,7/22/13,0.98,1.41
2013,30,7/23/13,7/29/13,1.34,1.86
2013,31,7/30/13,8/5/13,1.42,1.91
2013,32,8/6/13,8/12/13,1.53,1.85
2013,33,8/13/13,8/19/13,1.72,2.05
2013,34,8/20/13,8/26/13,1.92,2.3
2013,35,8/27/13,9/2/13,2.52,2.96
2013,36,9/3/13,9/9/13,2.4,2.79
2013,37,9/10/13,9/16/13,2.33,2.76
2013,38,9/17/13,9/23/13,2.29,2.55
2013,39,9/24/13,9/30/13,2.18,2.49
2013,40,10/1/13,10/7/13,1.94,2.31
2013,41,10/8/13,10/14/13,1.85,2.03
2013,42,10/15/13,10/21/13,2.26,2.46
2013,43,10/22/13,10/28/13,2.3,2.47
2013,44,10/29/13,11/4/13,2.05,2.29
2013,45,11/5/13,11/11/13,1.98,2.28
2013,46,11/12/13,11/18/13,2.02,2.6
2013,47,11/19/13,11/25/13,1.94,2.76
2013,48,11/26/13,12/2/13,1.9,2.6
2013,49,12/3/13,12/9/13,1.71,2.24
2013,50,12/10/13,12/16/13,1.39,2.15
2013,51,12/17/13,12/23/13,1.15,1.68
2013,52,12/24/13,12/30/13,1.15,1.59
2014,1,1/2/14,1/7/14,1.14,1.64
2014,2,1/8/14,1/14/14,0.86,1.29
2014,3,1/15/14,1/21/14,0.75,1.03
2014,4,1/22/14,1/28/14,0.71,0.9
2014,5,1/29/14,2/4/14,0.73,0.91
2014,6,2/5/14,2/11/14,0.77,0.96
2014,7,2/12/14,2/18/14,0.77,1.1
2014,8,2/19/14,2/25/14,0.74,1.03
2014,9,2/26/14,3/4/14,0.84,1.17
2014,10,3/5/14,3/11/14,0.99,1.43
2014,11,3/12/14,3/18/14,1.01,1.48
2014,12,3/19/14,3/25/14,0.98,1.54
2014,13,3/26/14,4/1/14,0.96,1.51
2014,14,4/2/14,4/8/14,1.07,1.36
2014,15,4/9/14,4/15/14,1.08,1.47
2014,16,4/16/14,4/22/14,0.99,1.32
2014,17,4/23/14,4/29/14,1.07,1.29
2014,18,4/30/14,5/6/14,0.95,1.1
2014,19,5/7/14,5/13/14,0.81,1.07
2014,20,5/14/14,5/20/14,0.75,1.08
2014,21,5/21/14,5/27/14,0.78,1.03
2014,22,5/28/14,6/3/14,0.94,1.06
2014,23,6/4/14,6/10/14,0.95,1.07
2014,24,6/11/14,6/17/14,1.1,1.37
2014,25,6/18/14,6/24/14,1.3,1.64
2014,26,6/25/14,7/1/14,1.07,1.72
2014,27,7/2/14,7/8/14,1.05,1.63
2014,28,7/9/14,7/15/14,1.22,1.58
2014,29,7/16/14,7/22/14,1.43,1.71
2014,30,7/23/14,7/29/14,1.34,1.93
2014,31,7/30/14,8/5/14,1.38,1.71
2014,32,8/6/14,8/12/14,1.41,1.47
2014,33,8/13/14,8/19/14,1.18,1.26
2014,34,8/20/14,8/26/14,1.16,1.23
2014,35,8/27/14,9/2/14,1.12,1.23
2014,36,9/3/14,9/9/14,1.17,1.38
2014,37,9/10/14,9/16/14,1.03,1.39
2014,38,9/17/14,9/23/14,1.11,1.49
2014,39,9/24/14,9/30/14,1.4,1.98
2014,40,10/1/14,10/7/14,1.71,2.04
2014,41,10/8/14,10/14/14,2.4,2.95
2014,42,10/15/14,10/21/14,2.78,3.09
2014,43,10/22/14,10/28/14,2.98,3.7
2014,44,10/29/14,11/4/14,2.5,3.28
2014,45,11/5/14,11/11/14,2.69,3.27
2014,46,11/12/14,11/18/14,2.58,3.19
2014,47,11/19/14,11/25/14,1.94,2.66
2014,48,11/26/14,12/2/14,1.43,1.59
2014,49,12/3/14,12/9/14,1.61,1.64
2014,50,12/10/14,12/16/14,1.23,1.41
2014,51,12/17/14,12/23/14,1.06,1.37
2014,52,12/24/14,12/30/14,1.01,1.44
2015,1,1/2/15,1/7/15,1.22,1.51
2015,2,1/8/15,1/14/15,1.16,1.27
2015,3,1/15/15,1/21/15,0.84,1.01
2015,4,1/22/15,1/28/15,0.72,0.97
2015,5,1/29/15,2/4/15,0.73,0.98
2015,6,2/5/15,2/11/15,0.74,1.06
2015,7,2/12/15,2/18/15,0.69,1
2015,8,2/19/15,2/25/15,0.85,1.21
2015,9,2/26/15,3/4/15,0.85,1.21
2015,10,3/5/15,3/11/15,0.84,1.22
2015,11,3/12/15,3/18/15,0.82,1.17
2015,12,3/19/15,3/25/15,1.09,1.68
2015,13,3/26/15,4/1/15,1.09,1.68
2015,14,4/2/15,4/8/15,0.91,1.39
2015,15,4/9/15,4/15/15,0.84,1.22
2015,16,4/16/15,4/22/15,0.82,1.14
2015,17,4/23/15,4/29/15,0.72,0.94
2015,18,4/30/15,5/6/15,0.83,1.1
2015,19,5/7/15,5/13/15,0.71,0.98
2015,20,5/14/15,5/20/15,0.72,0.97
2015,21,5/21/15,5/27/15,0.71,0.97
2015,22,5/28/15,6/3/15,0.71,0.95
2015,23,6/4/15,6/10/15,0.81,1.17
2015,24,6/11/15,6/17/15,0.92,1.34
2015,25,6/18/15,6/24/15,1,1.52
2015,26,6/25/15,7/1/15,1.06,1.63
2015,27,7/2/15,7/8/15,1.11,1.72
2015,28,7/9/15,7/15/15,1.09,1.66
2015,29,7/16/15,7/22/15,1.43,2.14
2015,30,7/23/15,7/28/15,1.37,2.23
2015,31,7/30/15,8/5/15,1.18,1.88
2015,32,8/6/15,8/12/15,1.12,1.63
2015,33,8/13/15,8/19/15,1.29,1.62
2015,34,8/20/15,8/26/15,1.16,1.4
2015,35,8/27/15,9/2/15,0.98,1.38
2015,36,9/3/15,9/9/15,0.98,1.41
2015,37,9/10/15,9/16/15,1.3,1.98
2015,38,9/17/15,9/23/15,1.05,1.63
2015,39,9/24/15,9/30/15,1.22,1.93
2015,40,10/1/15,10/7/15,1.65,2.28
2015,41,10/8/15,10/14/15,1.65,2.45
2015,42,10/15/15,10/21/15,1.6,2.47
2015,43,10/22/15,10/28/15,1.67,2.27
2015,44,10/29/15,11/4/15,1.52,2.26
2015,45,11/5/15,11/11/15,1.39,2.28
2015,46,11/12/15,11/18/15,1.39,2.28
2015,47,11/19/15,11/25/15,1.38,2.26
2015,48,11/26/15,12/2/15,1.31,1.85
2015,49,12/3/15,12/9/15,1.21,1.74
2015,50,12/10/15,12/16/15,0.99,1.44
2015,51,12/17/15,12/23/15,0.95,1.38
2015,52,12/24/15,12/30/15,0.99,1.42
2016,1,1/2/16,1/7/16,1.18,1.63
2016,2,1/8/16,1/10/16,1.26,1.64
2016,5,2/1/16,2/4/16,1.06,1.41
2016,6,2/5/16,2/11/16,0.85,1.14
2016,7,2/12/16,2/18/16,0.72,0.98
2016,8,2/19/16,2/25/16,0.76,1.07
2016,9,2/26/16,3/3/16,1.15,1.51
2016,10,3/4/16,3/10/16,0.98,1.33
2016,11,3/11/16,3/17/16,0.99,1.3
2016,12,3/18/16,3/24/16,1.05,1.3
2016,13,3/25/16,3/31/16,1.28,1.56
2016,14,4/1/16,4/7/16,1.19,1.63
2016,15,4/8/16,4/14/16,1.23,1.61
2016,16,4/15/16,4/21/16,0.99,1.29
2016,17,4/22/16,4/28/16,0.91,1.17
2016,18,4/29/16,5/5/16,0.94,1.2
2016,19,5/6/16,5/12/16,0.97,1.37
2016,20,5/13/16,5/19/16,1.02,1.41
2016,21,5/20/16,5/26/16,0.95,1.41
2016,22,5/27/16,6/2/16,1.01,1.42
2016,23,6/3/16,6/9/16,1.12,1.56
2016,24,6/10/16,6/16/16,1.15,1.61
2016,25,6/17/16,6/23/16,1.31,1.88
2016,26,6/24/16,6/30/16,1.34,1.83
2016,27,7/1/16,7/7/16,0.99,1.39
2016,28,7/8/16,7/14/16,0.95,1.39
2016,29,7/15/16,7/21/16,0.94,1.39
2016,30,7/22/16,7/28/16,0.94,1.41
2016,31,7/29/16,8/4/16,0.93,1.4
2016,32,8/5/16,8/11/16,0.94,1.41
2016,33,8/12/16,8/18/16,1.21,1.75
2016,34,8/19/16,8/25/16,1.3,1.86
2016,35,8/26/16,9/1/16,1.42,1.92
2016,36,9/2/16,9/8/16,1.61,2.23
2016,37,9/9/16,9/15/16,1.62,2.2
2016,38,9/16/16,9/22/16,1.39,2.02
2016,39,9/23/16,9/29/16,1.27,2.04
2016,40,9/30/16,10/6/16,1.16,1.78
2016,41,10/7/16,10/13/16,1.14,1.58
2016,42,10/14/16,10/20/16,1.05,1.39
2016,43,10/21/16,10/27/16,1,1.33
2016,44,10/28/16,11/3/16,0.81,1.16
2016,45,11/4/16,11/10/16,1.13,1.4
2016,46,11/11/16,11/17/16,1.05,1.37
2016,47,11/18/16,11/24/16,1.11,1.33
2016,48,11/25/16,12/1/16,1.22,1.4
2016,49,12/2/16,12/8/16,1.01,1.33
2016,50,12/9/16,12/15/16,1.13,1.57
2016,51,12/16/16,12/22/16,1.05,1.42
2016,52,12/23/16,12/29/16,1.25,1.82
2017,1,1/1/17,1/7/17,1.27,1.72
2017,2,1/8/17,1/14/17,1.15,1.48
2017,3,1/15/17,1/21/17,1.05,1.41
2017,4,1/22/17,1/28/17,0.95,1.41
2017,5,1/29/17,2/4/17,1.02,1.54
2017,6,2/5/17,2/11/17,1.05,1.52
2017,7,2/12/17,2/18/17,0.98,1.28
2017,8,2/19/17,2/25/17,1.01,1.31
2017,9,2/26/17,3/4/17,1.12,1.54
2017,10,3/5/17,3/11/17,1.27,1.79
2017,11,3/12/17,3/16/17,1.28,1.87
2017,12,3/22/17,3/25/17,3.11,3.29
2017,13,3/26/17,4/1/17,3.33,4.08
2017,14,4/2/17,4/8/17,1.32,1.7
2017,15,4/9/17,4/15/17,0.97,1.27
2017,16,4/16/17,4/22/17,0.85,1.1
2017,17,4/23/17,4/29/17,0.71,0.95
2017,18,4/30/17,5/6/17,0.72,0.97
2017,19,5/7/17,5/13/17,0.72,0.96
2017,20,5/14/17,5/20/17,0.72,0.98
2017,21,5/21/17,5/27/17,0.73,0.99
2017,22,5/28/17,6/3/17,0.72,0.99
2017,23,6/4/17,6/10/17,0.81,1.21
2017,24,6/11/17,6/17/17,0.93,1.42
2017,25,6/18/17,6/24/17,1.18,1.7
2017,26,6/25/17,7/1/17,1.59,2.15
2017,27,7/2/17,7/8/17,2.07,2.5
2017,28,7/9/17,7/15/17,2.67,3.27
2017,29,7/16/17,7/22/17,3.66,4.59
2017,30,7/23/17,7/29/17,4.49,5.97
2017,31,7/30/17,8/5/17,6.75,8.46
2017,32,8/6/17,8/12/17,8.16,9.95
2017,33,8/13/17,8/19/17,8.96,10.87
2017,34,8/20/17,8/26/17,7.99,9.75
2017,35,8/27/17,9/2/17,8.7,11.25
2017,36,9/3/17,9/9/17,8.41,10.95
2017,37,9/10/17,9/16/17,7.17,9.17
2017,38,9/17/17,9/23/17,5.9,7.23
2017,39,9/24/17,9/30/17,6.01,7.35
2017,40,10/1/17,10/7/17,5.97,6.78
2017,41,10/8/17,10/14/17,3.44,3.83
2017,42,10/15/17,10/21/17,3.2,3.84
2017,43,10/22/17,10/28/17,3.09,3.69
2017,44,10/29/17,11/4/17,2.36,2.84
2017,45,11/5/17,11/11/17,2.25,2.87
2017,46,11/12/17,11/18/17,1.71,2.39
2017,47,11/19/17,11/25/17,1.24,1.87
2017,48,11/26/17,12/2/17,1.2,1.91
2017,49,12/3/17,12/9/17,1.15,1.71
2017,50,12/10/17,12/16/17,1,1.39
2017,51,12/17/17,12/23/17,0.92,1.36
2017,52,12/24/17,12/30/17,0.93,1.4
2018,1,1/1/18,1/7/18,0.93,1.38
2018,2,1/8/18,1/14/18,0.85,1.23
2018,3,1/15/18,1/21/18,0.72,0.99
2018,4,1/22/18,1/28/18,0.7,0.94
2018,5,1/29/18,2/4/18,0.71,1.03
2018,6,2/5/18,2/11/18,0.76,1.18
2018,7,2/12/18,2/18/18,0.85,1.22
2018,8,2/19/18,2/25/18,0.83,1.18
2018,9,2/26/18,3/4/18,0.9,1.29
2018,10,3/5/18,3/11/18,0.93,1.41
2018,11,3/12/18,3/18/18,0.94,1.41
2018,12,3/19/18,3/25/18,0.95,1.4
2018,13,3/26/18,4/1/18,0.95,1.42
2018,14,4/2/18,4/8/18,1.13,1.49
2018,15,4/9/18,4/15/18,0.94,1.24
2018,16,4/16/18,4/22/18,0.87,1.19
2018,17,4/23/18,4/29/18,0.83,1.18
2018,18,4/30/18,5/6/18,0.81,1.15
2018,19,5/7/18,5/13/18,0.74,1.05
2018,20,5/14/18,5/20/18,0.71,0.96
2018,21,5/21/18,5/27/18,0.7,0.93
2018,22,5/28/18,6/3/18,0.7,0.92
2018,23,6/4/18,6/10/18,0.79,1.08
2018,24,6/11/18,6/17/18,0.83,1.21
2018,25,6/18/18,6/24/18,0.85,1.23
2018,26,6/25/18,7/1/18,0.84,1.24
2018,27,7/2/18,7/8/18,0.91,1.33
2018,28,7/9/18,7/15/18,1.01,1.43
2018,29,7/16/18,7/22/18,1.05,1.44
2018,30,7/23/18,7/29/18,1.02,1.41
2018,31,7/30/18,8/5/18,1.06,1.58
2018,32,8/6/18,8/12/18,1.08,1.46
2018,33,8/13/18,8/19/18,1.16,1.41
2018,34,8/20/18,8/26/18,1.35,1.64
2018,35,8/27/18,9/2/18,1.29,1.58
2018,36,9/3/18,9/9/18,1.29,1.64
2018,37,9/10/18,9/16/18,1.28,1.63
2018,38,9/17/18,9/23/18,1.23,1.67
2018,39,9/24/18,9/30/18,1.49,1.65
2018,40,10/1/18,10/7/18,1.9,2.18
2018,41,10/8/18,10/14/18,1.93,2.11
2018,42,10/15/18,10/21/18,1.87,2.07
2018,43,10/22/18,10/28/18,1.84,2.01
2018,44,10/29/18,11/4/18,1.87,2.06
2018,45,11/5/18,11/11/18,2.42,3.31
2018,46,11/12/18,11/18/18,1.93,2.39
2018,47,11/19/18,11/25/18,1.94,2.58
2018,48,11/26/18,12/2/18,1.94,2.59
2018,49,12/3/18,12/9/18,1.87,2.42
2018,50,12/10/18,12/16/18,1.52,1.91
2018,51,12/17/18,12/23/18,1.08,1.38
2018,52,12/24/18,12/30/18,0.95,1.36
2019,1,1/1/19,1/7/19,0.81,1.11
2019,2,1/8/19,1/14/19,0.72,0.96
2019,3,1/15/19,1/21/19,0.84,0.98
2019,4,1/22/19,1/28/19,0.91,0.97
2019,5,1/29/19,2/4/19,0.83,1.13
2019,6,2/5/19,2/11/19,0.82,1.18
2019,7,2/12/19,2/18/19,0.81,1.13
2019,8,2/19/19,2/25/19,0.77,1.04
2019,9,2/26/19,3/4/19,0.83,1.14
2019,10,3/5/19,3/11/19,0.78,1.11
2019,11,3/12/19,3/18/19,0.83,1.2
2019,12,3/19/19,3/25/19,0.93,1.39
2019,13,3/26/19,4/1/19,0.83,1.2
2019,14,4/2/19,4/8/19,0.91,1.27
2019,15,4/9/19,4/15/19,0.98,1.26
2019,16,4/16/19,4/22/19,1.01,1.4
2019,17,4/23/19,4/29/19,0.87,1.24
2019,18,4/30/19,5/6/19,0.84,1.16
2019,19,5/7/19,5/13/19,0.93,1.33
2019,20,5/14/19,5/20/19,0.84,1.23
2019,21,5/21/19,5/27/19,0.85,1.37
2019,22,5/28/19,6/3/19,0.92,1.34
2019,23,6/4/19,6/10/19,0.94,1.21
2019,24,6/11/19,6/17/19,0.95,1.37
2019,25,6/18/19,6/24/19,1.06,1.58
2019,26,6/25/19,7/1/19,1.06,1.63
2019,27,7/2/19,7/8/19,1.16,1.93
2019,28,7/9/19,7/15/19,1.38,1.92
2019,29,7/16/19,7/22/19,1.49,2.06
2019,30,7/23/19,7/29/19,1.68,2.29
2019,31,7/30/19,8/5/19,1.84,2.2
2019,32,8/6/19,8/12/19,2.31,2.78
2019,33,8/13/19,8/19/19,1.99,2.44
2019,34,8/20/19,8/26/19,2.06,2.28
2019,35,8/27/19,9/2/19,1.77,2.06
2019,36,9/3/19,9/9/19,1.55,2.06
2019,37,9/10/19,9/16/19,1.28,1.86
2019,38,9/17/19,9/23/19,1.17,1.64
2019,39,9/24/19,9/30/19,1.15,1.61
2019,40,10/1/19,10/7/19,1.08,1.64
2019,41,10/8/19,10/14/19,1.13,1.65
2019,42,10/15/19,10/21/19,1.13,1.54
2019,43,10/22/19,10/28/19,1.04,1.28
2019,44,10/29/19,11/4/19,1.38,1.69
2019,45,11/5/19,11/11/19,1.41,1.93
2019,46,11/12/19,11/18/19,1.75,2.06
2019,47,11/19/19,11/25/19,1.79,1.84
2019,48,11/26/19,12/2/19,1.83,2.07
2019,49,12/3/19,12/9/19,1.9,1.96
2019,50,12/10/19,12/16/19,1.76,1.94
2019,51,12/17/19,12/23/19,1.88,1.92
2019,52,12/24/19,12/30/19,1.71,1.95
2020,1,1/1/20,1/7/20,1.61,1.91
2020,2,1/8/20,1/14/20,1.42,1.67
2020,3,1/15/20,1/21/20,1.28,1.55
2020,4,1/22/20,1/28/20,1.18,1.47
2020,5,1/29/20,2/4/20,1.03,1.5
2020,6,2/5/20,2/11/20,0.86,1.38
2020,7,2/12/20,2/18/20,0.9,1.33
2020,8,2/19/20,2/25/20,1.36,1.7
2020,9,2/26/20,3/3/20,1.03,1.53
2020,10,3/4/20,3/10/20,0.99,1.34
2020,11,3/11/20,3/17/20,1.55,1.94
2020,12,3/18/20,3/24/20,1.21,1.64
2020,13,3/25/20,3/31/20,0.89,1.17
2020,14,4/1/20,4/7/20,0.83,1.21
2020,15,4/8/20,4/14/20,1.07,1.47
2020,16,4/15/20,4/21/20,1.11,1.47
2020,17,4/22/20,4/28/20,0.99,1.08
2020,18,4/29/20,5/5/20,0.98,1.31
2020,19,5/6/20,5/12/20,0.87,1.39
2020,20,5/13/20,5/19/20,1.03,1.4
2020,21,5/20/20,5/26/20,1.06,1.61
2020,22,5/27/20,6/2/20,1.11,1.72
2020,23,6/3/20,6/9/20,1.13,1.59
2020,24,6/10/20,6/16/20,1.03,1.42
2020,25,6/17/20,6/23/20,1.17,1.64
2020,26,6/24/20,6/30/20,1.3,1.83
2020,27,7/1/20,7/7/20,1.59,2.13
2020,28,7/8/20,7/14/20,1.43,2.05
2020,29,7/15/20,7/21/20,1.63,2.08
2020,30,7/22/20,7/28/20,1.47,2.23
2020,31,7/29/20,8/4/20,1.86,2.49
2020,32,8/5/20,8/11/20,2.03,2.57
2020,33,8/12/20,8/18/20,2.15,2.52
2020,34,8/19/20,8/25/20,2.03,2.45
2020,35,8/26/20,9/1/20,2.13,2.4
2020,36,9/2/20,9/8/20,2.07,2.36
2020,37,9/9/20,9/15/20,1.81,2.31
2020,38,9/16/20,9/22/20,1.94,2.33
2020,39,9/23/20,9/29/20,2.15,2.37
2020,40,9/30/20,10/6/20,2.2,2.51
2020,41,10/7/20,10/13/20,2.33,2.59
2020,42,10/14/20,10/20/20,2.35,2.56
2020,43,10/21/20,10/27/20,2.37,2.61
2020,44,10/28/20,11/3/20,2.36,2.71
2020,45,11/4/20,11/10/20,2.39,2.95
2020,46,11/11/20,11/17/20,2.36,2.94
2020,47,11/18/20,11/24/20,2.31,2.94
2020,48,11/25/20,12/1/20,2.07,2.68
2020,49,12/2/20,12/8/20,2.28,2.69
2020,50,12/9/20,12/15/20,2.2,2.74
2020,51,12/16/20,12/22/20,1.85,2.35
2020,52,12/23/20,12/29/20,1.71,2.4
2021,1,1/1/21,1/7/21,1.84,2.37
2021,2,1/8/21,1/14/21,1.72,2.28
2021,3,1/15/21,1/21/21,1.27,1.87
2021,4,1/22/21,1/28/21,1.21,1.74
2021,5,1/29/21,2/4/21,1.32,2.1
2021,6,2/5/21,2/11/21,0.95,1.44
2021,7,2/12/21,2/18/21,0.91,1.14
2021,8,2/19/21,2/25/21,0.97,1.11
2021,9,2/26/21,3/4/21,1.07,1.15
2021,10,3/5/21,3/11/21,1.23,1.38
2021,11,3/12/21,3/18/21,1.4,1.48
2021,12,3/19/21,3/25/21,1.6,2.18
2021,13,3/26/21,4/1/21,1.53,1.9
2021,14,4/2/21,4/8/21,1.48,1.79
2021,15,4/9/21,4/15/21,1.45,1.87
2021,16,4/16/21,4/22/21,1.42,1.68
2021,17,4/23/21,4/29/21,1.45,1.49
2021,18,4/30/21,5/6/21,1.26,1.45
2021,19,5/7/21,5/13/21,1.07,1.22
2021,20,5/14/21,5/20/21,1.06,1.35
2021,21,5/21/21,5/27/21,1.04,1.38
2021,22,5/28/21,6/3/21,0.91,1.31
2021,23,6/4/21,6/10/21,1,1.44
2021,24,6/11/21,6/17/21,1.16,1.44
2021,25,6/18/21,6/24/21,1.2,1.49
2021,26,6/25/21,7/1/21,1.31,1.75
2021,27,7/2/21,7/8/21,1.4,1.86
2021,28,7/9/21,7/15/21,1.44,1.88
2021,29,7/16/21,7/22/21,1.44,1.86
2021,30,7/23/21,7/29/21,1.32,1.67
2021,31,7/30/21,8/5/21,1.33,1.75
2021,32,8/6/21,8/12/21,1.31,1.67
2021,33,8/13/21,8/19/21,1.3,1.54
2021,34,8/20/21,8/26/21,1.3,1.54
2021,35,8/27/21,9/2/21,1.36,1.58
2021,36,9/3/21,9/9/21,1.81,2.13
2021,37,9/10/21,9/16/21,2.41,2.85
2021,38,9/17/21,9/23/21,2.57,2.84
2021,39,9/24/21,9/30/21,2.52,2.58
2021,40,10/1/21,10/7/21,2.59,2.87
2021,41,10/8/21,10/14/21,2.58,2.84
2021,42,10/15/21,10/21/21,2.48,2.62
2021,43,10/22/21,10/28/21,2.39,2.41
2021,44,10/29/21,11/4/21,1.99,1.93
2021,45,11/5/21,11/11/21,1.65,1.71
2021,46,11/12/21,11/18/21,1.52,1.56
2021,47,11/19/21,11/25/21,1.64,1.48
2021,48,11/26/21,12/2/21,1.61,1.48
2021,49,12/3/21,12/9/21,1.39,1.4
2021,50,12/10/21,12/16/21,1.31,1.48
2021,51,12/17/21,12/23/21,1.2,1.56
2021,52,12/24/21,12/30/21,1.19,1.53
2022,1,1/1/22,1/7/22,1.24,1.52
2022,2,1/8/22,1/14/22,1.24,1.54
2022,3,1/15/22,1/21/22,1.2,1.69
2022,4,1/22/22,1/28/22,1.23,1.77
2022,5,1/29/22,2/4/22,1.23,1.75
2022,6,2/5/22,2/11/22,1.21,1.54
2022,7,2/12/22,2/18/22,1.15,1.51
2022,8,2/19/22,2/25/22,1.18,1.56
2022,9,2/26/22,3/4/22,1.22,1.53
2022,10,3/5/22,3/11/22,1.21,1.5
2022,11,3/12/22,3/18/22,1.25,1.63
2022,12,3/19/22,3/25/22,1.34,1.91
2022,13,3/26/22,4/1/22,1.56,1.9
2022,14,4/2/22,4/8/22,2.04,2.37
2022,15,4/9/22,4/15/22,1.73,1.83
2022,16,4/16/22,4/22/22,1.43,1.82
2022,17,4/23/22,4/29/22,1.17,1.71
2022,18,4/30/22,5/6/22,1.26,1.75
2022,19,5/7/22,5/13/22,1.39,1.79
2022,20,5/14/22,5/20/22,1.07,1.38
2022,21,5/21/22,5/27/22,1.15,1.6
2022,22,5/28/22,6/3/22,1.11,1.48
2022,23,6/4/22,6/10/22,1.37,1.36
2022,24,6/11/22,6/17/22,1.47,1.69
2022,25,6/18/22,6/24/22,1.54,1.9
2022,26,6/25/22,7/1/22,1.96,2.94
2022,27,7/2/22,7/8/22,1.5,1.94
2022,28,7/9/22,7/15/22,1.62,1.71
2022,29,7/16/22,7/22/22,1.8,1.81
2022,30,7/23/22,7/29/22,1.91,1.97
2022,31,7/30/22,8/5/22,1.95,2.02
2022,32,8/6/22,8/12/22,2.32,2.45
2022,33,8/13/22,8/19/22,2.5,2.42
2022,34,8/20/22,8/26/22,3.01,3.02
2022,35,8/27/22,9/2/22,3.23,3.34
2022,36,9/3/22,9/9/22,3.21,3.32
2022,37,9/10/22,9/16/22,3.34,3.43
2022,38,9/17/22,9/23/22,3.92,4.34
2022,39,9/24/22,9/30/22,4.07,4.19
2022,40,10/1/22,10/7/22,3.92,3.91
2022,41,10/8/22,10/14/22,4.07,4.16
2022,42,10/15/22,10/21/22,4.45,4.87
2022,43,10/22/22,10/28/22,4.62,4.98
2022,44,10/29/22,11/4/22,3.79,4.18
2022,45,11/5/22,11/11/22,3.89,4.18
2022,46,11/12/22,11/18/22,3.97,3.82
2022,47,11/19/22,11/25/22,2.94,3.04
2022,48,11/26/22,12/2/22,3.3,3.5
2022,49,12/3/22,12/9/22,2.12,2.62
2022,50,12/10/22,12/16/22,1.91,2.16
2022,51,12/17/22,12/23/22,1.77,1.99
2022,52,12/24/22,12/30/22,2.12,2.38
2023,1,1/1/23,1/7/23,2.02,2.21
2023,2,1/8/23,1/14/23,1.93,2.1
2023,3,1/15/23,1/21/23,2.65,2.76
2023,4,1/22/23,1/28/23,2.82,2.77
2023,5,1/29/23,2/4/23,2.03,2.21
2023,6,2/5/23,2/11/23,1.98,1.95
2023,7,2/12/23,2/18/23,1.86,1.9
2023,8,2/19/23,2/25/23,1.91,1.99
2023,9,2/26/23,3/4/23,2.31,2.37
2023,10,3/5/23,3/11/23,2.33,2.39
2023,11,3/12/23,3/18/23,4.84,4.22
2023,12,3/19/23,3/25/23,2.67,2.71
2023,13,3/26/23,4/1/23,2.01,2.13
2023,14,4/2/23,4/8/23,1.91,2.19
2023,15,4/9/23,4/15/23,2.27,2.11
2023,16,4/16/23,4/22/23,1.88,1.96
2023,17,4/23/23,4/29/23,1.88,1.94
2023,18,4/30/23,5/6/23,1.87,1.97
2023,19,5/7/23,5/13/23,1.78,1.88
2023,20,5/14/23,5/20/23,1.67,1.85
2023,21,5/21/23,5/27/23,1.71,1.91
2023,22,5/28/23,6/3/23,1.67,1.94
2023,23,6/4/23,6/10/23,1.8,2.09
2023,24,6/11/23,6/17/23,1.89,1.96
2023,25,6/18/23,6/24/23,2.19,2.34
2023,26,6/25/23,7/1/23,2.31,2.38
2023,27,7/2/23,7/8/23,2.62,2.54
2023,28,7/9/23,7/15/23,2.64,2.72
2023,29,7/16/23,7/22/23,3.16,3.36
2023,30,7/23/23,7/29/23,3.45,3.63
2023,31,7/30/23,8/5/23,4.22,3.97
2023,32,8/6/23,8/12/23,5.21,5.57
2023,33,8/13/23,8/19/23,5.63,5.77
2023,34,8/20/23,8/26/23,5.82,6.17
2023,35,8/27/23,9/2/23,9.7,8.87
2023,36,9/3/23,9/9/23,11.26,11.51
2023,37,9/10/23,9/16/23,9.91,10.07
2023,38,9/17/23,9/23/23,9.63,9.92
2023,39,9/24/23,9/30/23,9.68,9.67
2023,40,10/1/23,10/7/23,8.33,8.6
2023,41,10/8/23,10/14/23,3.83,5.6
2023,42,10/15/23,10/21/23,3.03,3.86
2023,43,10/22/23,10/28/23,2.47,3.34
2023,44,10/29/23,11/4/23,1.69,2.01
2023,45,11/5/23,11/11/23,1.45,1.78
2023,46,11/12/23,11/14/23,1.22,1.58