fecha,sector,peso_total,indice_12m_idx,indice_12m_pred_ma,brecha
2015-03-01,PBI,100,85.36794725610655,,
2015-03-01,Manufactura,16.51803448933821,97.2376685949138,,
2015-03-01,Otros Servicios,14.89,79.67126069115425,,
2015-03-01,Minería,12.150090493066784,70.99154574447934,,
2015-03-01,Comercio,10.177576612562678,88.91575883987221,,
2015-03-01,Agro,5.966348966039294,81.63120911929911,,
2015-03-01,Construcción,5.103959110771897,98.40746634858657,,
2015-03-01,Transporte,4.97,85.28819127064827,,
2015-03-01,Servicios a Empresas,4.24,87.478462486921,,
2015-03-01,Servicios Financieros,3.22,78.84851898089205,,
2015-03-01,Alojamiento y Restaurantes,2.86,86.27090685353754,,
2015-03-01,Petróleo,2.204931356019681,118.78572922284043,,
2015-03-01,Pesca,0.739459418879988,75.26025679914557,,
2015-04-01,PBI,100,85.66473009994358,,
2015-04-01,Manufactura,16.51803448933821,97.7294545960905,,
2015-04-01,Otros Servicios,14.89,80.07896070484121,,
2015-04-01,Minería,12.150090493066784,71.94580002617774,,
2015-04-01,Comercio,10.177576612562678,89.16688139195752,,
2015-04-01,Agro,5.966348966039294,81.6002150901279,,
2015-04-01,Construcción,5.103959110771897,97.61739658895007,,
2015-04-01,Transporte,4.97,85.43669150654844,,
2015-04-01,Servicios a Empresas,4.24,87.85020668973598,,
2015-04-01,Servicios Financieros,3.22,79.52901763422528,,
2015-04-01,Alojamiento y Restaurantes,2.86,86.46560395169169,,
2015-04-01,Petróleo,2.204931356019681,117.47347571492546,,
2015-04-01,Pesca,0.739459418879988,86.314965619322,,
2015-05-01,PBI,100,85.75689280374263,,
2015-05-01,Manufactura,16.51803448933821,97.45844423061195,,
2015-05-01,Otros Servicios,14.89,80.48915116431073,,
2015-05-01,Minería,12.150090493066784,72.47513266103715,,
2015-05-01,Comercio,10.177576612562678,89.43001890129962,,
2015-05-01,Agro,5.966348966039294,81.95482410559606,,
2015-05-01,Construcción,5.103959110771897,96.5366796785697,,
2015-05-01,Transporte,4.97,85.5560768334129,,
2015-05-01,Servicios a Empresas,4.24,88.16914721886063,,
2015-05-01,Servicios Financieros,3.22,80.15016088149757,,
2015-05-01,Alojamiento y Restaurantes,2.86,86.70723902502604,,
2015-05-01,Petróleo,2.204931356019681,115.91167465839038,,
2015-05-01,Pesca,0.739459418879988,88.83505567351037,,
2015-06-01,PBI,100,86.04322850566881,,
2015-06-01,Manufactura,16.51803448933821,97.27218285291899,,
2015-06-01,Otros Servicios,14.89,80.90870510051214,,
2015-06-01,Minería,12.150090493066784,73.4012886458459,,
2015-06-01,Comercio,10.177576612562678,89.73471592881369,,
2015-06-01,Agro,5.966348966039294,82.70575158416237,,
2015-06-01,Construcción,5.103959110771897,96.24816641310954,,
2015-06-01,Transporte,4.97,85.78682458387745,,
2015-06-01,Servicios a Empresas,4.24,88.48818675864815,,
2015-06-01,Servicios Financieros,3.22,80.82052162812178,,
2015-06-01,Alojamiento y Restaurantes,2.86,86.91434435205976,,
2015-06-01,Petróleo,2.204931356019681,113.44631715833798,,
2015-06-01,Pesca,0.739459418879988,85.80223987046828,,
2015-07-01,PBI,100,86.30141166054916,,
2015-07-01,Manufactura,16.51803448933821,97.23749478821912,,
2015-07-01,Otros Servicios,14.89,81.29670932986998,,
2015-07-01,Minería,12.150090493066784,74.55348224098516,,
2015-07-01,Comercio,10.177576612562678,90.06302383461806,,
2015-07-01,Agro,5.966348966039294,83.16166668231821,,
2015-07-01,Construcción,5.103959110771897,95.63540237311433,,
2015-07-01,Transporte,4.97,86.04613513873184,,
2015-07-01,Servicios a Empresas,4.24,88.85946564511752,,
2015-07-01,Servicios Financieros,3.22,81.38441859132992,,
2015-07-01,Alojamiento y Restaurantes,2.86,87.21834211897416,,
2015-07-01,Petróleo,2.204931356019681,111.54914341963809,,
2015-07-01,Pesca,0.739459418879988,82.74994483792939,,
2015-08-01,PBI,100,86.48969097948869,,
2015-08-01,Manufactura,16.51803448933821,97.09589787874896,,
2015-08-01,Otros Servicios,14.89,81.67522501767834,,
2015-08-01,Minería,12.150090493066784,75.40751646123977,,
2015-08-01,Comercio,10.177576612562678,90.37305659868538,,
2015-08-01,Agro,5.966348966039294,83.2888937536842,,
2015-08-01,Construcción,5.103959110771897,94.962168890449135,,
2015-08-01,Transporte,4.97,86.24946551262333,,
2015-08-01,Servicios a Empresas,4.24,89.13136182650668,,
2015-08-01,Servicios Financieros,3.22,81.97744520352367,,
2015-08-01,Alojamiento y Restaurantes,2.86,87.4199691804924,,
2015-08-01,Petróleo,2.204931356019681,110.37391022682164,,
2015-08-01,Pesca,0.739459418879988,82.35686815318084,,
2015-09-01,PBI,100,86.71719008754009,,
2015-09-01,Manufactura,16.51803448933821,96.7759777031841,,
2015-09-01,Otros Servicios,14.89,82.01475015591045,,
2015-09-01,Minería,12.150090493066784,76.6987971451037,,
2015-09-01,Comercio,10.177576612562678,90.69564309066584,,
2015-09-01,Agro,5.966348966039294,83.582934158473,,
2015-09-01,Construcción,5.103959110771897,94.51654090352442,,
2015-09-01,Transporte,4.97,86.3381082386458,,
2015-09-01,Servicios a Empresas,4.24,89.47523358915277,,
2015-09-01,Servicios Financieros,3.22,82.49417586254148,,
2015-09-01,Alojamiento y Restaurantes,2.86,87.63101380326607,,
2015-09-01,Petróleo,2.204931356019681,108.17509517010986,,
2015-09-01,Pesca,0.739459418879988,82.48260242349154,,
2015-10-01,PBI,100,86.95632925744896,,
2015-10-01,Manufactura,16.51803448933821,96.51945911428818,,
2015-10-01,Otros Servicios,14.89,82.36451612616226,,
2015-10-01,Minería,12.150090493066784,77.77966492505426,,
2015-10-01,Comercio,10.177576612562678,91.00762830063263,,
2015-10-01,Agro,5.966348966039294,83.91807754571855,,
2015-10-01,Construcción,5.103959110771897,94.46422795378795,,
2015-10-01,Transporte,4.97,86.50243501414252,,
2015-10-01,Servicios a Empresas,4.24,89.7186286175332,,
2015-10-01,Servicios Financieros,3.22,83.11258106586375,,
2015-10-01,Alojamiento y Restaurantes,2.86,87.79062792159887,,
2015-10-01,Petróleo,2.204931356019681,105.91225687394648,,
2015-10-01,Pesca,0.739459418879988,82.08092455562813,,
2015-11-01,PBI,100,87.23822205996412,,
2015-11-01,Manufactura,16.51803448933821,96.6573107420872,,
2015-11-01,Otros Servicios,14.89,82.76242435026262,,
2015-11-01,Minería,12.150090493066784,78.8766252651668,,
2015-11-01,Comercio,10.177576612562678,91.30410808357443,,
2015-11-01,Agro,5.966348966039294,84.00084595202783,,
2015-11-01,Construcción,5.103959110771897,93.87731737629075,,
2015-11-01,Transporte,4.97,86.65124046282587,,
2015-11-01,Servicios a Empresas,4.24,90.02615577406914,,
2015-11-01,Servicios Financieros,3.22,83.75935926774137,,
2015-11-01,Alojamiento y Restaurantes,2.86,87.95349525539403,,
2015-11-01,Petróleo,2.204931356019681,103.99028177373597,,
2015-11-01,Pesca,0.739459418879988,84.44260564495555,,
2015-12-01,PBI,100,87.74253533207484,,
2015-12-01,Manufactura,16.51803448933821,97.08110981327451,,
2015-12-01,Otros Servicios,14.89,83.14514442416674,,
2015-12-01,Minería,12.150090493066784,80.77977375095617,,
2015-12-01,Comercio,10.177576612562678,91.59123448949322,,
2015-12-01,Agro,5.966348966039294,84.22525313337962,,
2015-12-01,Construcción,5.103959110771897,93.95205364179414,,
2015-12-01,Transporte,4.97,86.8041545023513,,
2015-12-01,Servicios a Empresas,4.24,90.54027344934352,,
2015-12-01,Servicios Financieros,3.22,84.39058758290105,,
2015-12-01,Alojamiento y Restaurantes,2.86,88.22170965874835,,
2015-12-01,Petróleo,2.204931356019681,102.83575632209167,,
2015-12-01,Pesca,0.739459418879988,89.08138788491273,,
2016-01-01,PBI,100,87.97963962786741,,
2016-01-01,Manufactura,16.51803448933821,96.86765023889514,,
2016-01-01,Otros Servicios,14.89,83.47015759612114,,
2016-01-01,Minería,12.150090493066784,81.8967998066282,,
2016-01-01,Comercio,10.177576612562678,91.76154070953577,,
2016-01-01,Agro,5.966348966039294,84.61927335700152,,
2016-01-01,Construcción,5.103959110771897,93.80125878782665,,
2016-01-01,Transporte,4.97,87.00996970743182,,
2016-01-01,Servicios a Empresas,4.24,90.70814793482226,,
2016-01-01,Servicios Financieros,3.22,85.06511534428338,,
2016-01-01,Alojamiento y Restaurantes,2.86,88.41468009559978,,
2016-01-01,Petróleo,2.204931356019681,101.14986560777133,,
2016-01-01,Pesca,0.739459418879988,91.3341342496494,,
2016-02-01,PBI,100,88.40753273882873,,
2016-02-01,Manufactura,16.51803448933821,96.86549235517012,,
2016-02-01,Otros Servicios,14.89,83.83785179152906,,
2016-02-01,Minería,12.150090493066784,83.75479466267866,,
2016-02-01,Comercio,10.177576612562678,92.00551883573631,,
2016-02-01,Agro,5.966348966039294,84.73777959079911,,
2016-02-01,Construcción,5.103959110771897,94.16846714974986,,
2016-02-01,Transporte,4.97,87.41986404992562,,
2016-02-01,Servicios a Empresas,4.24,90.91684724093784,,
2016-02-01,Servicios Financieros,3.22,85.68550448774937,,
2016-02-01,Alojamiento y Restaurantes,2.86,88.62000094709302,,
2016-02-01,Petróleo,2.204931356019681,100.15498340148584,,
2016-02-01,Pesca,0.739459418879988,90.3522749619016,,
2016-03-01,PBI,100,88.66263957865763,,
2016-03-01,Manufactura,16.51803448933821,96.4836271486661,,
2016-03-01,Otros Servicios,14.89,84.15872229089615,,
2016-03-01,Minería,12.150090493066784,85.27984417171689,,
2016-03-01,Comercio,10.177576612562678,92.18223964000539,,
2016-03-01,Agro,5.966348966039294,84.72764566089744,,
2016-03-01,Construcción,5.103959110771897,94.41778423533373,,
2016-03-01,Transporte,4.97,87.71613799465209,,
2016-03-01,Servicios a Empresas,4.24,91.08594212101696,,
2016-03-01,Servicios Financieros,3.22,86.25870005580624,,
2016-03-01,Alojamiento y Restaurantes,2.86,88.81722280327907,,
2016-03-01,Petróleo,2.204931356019681,96.80093938868725,,
2016-03-01,Pesca,0.739459418879988,89.36290253206303,,
2016-04-01,PBI,100,88.86644958784771,,
2016-04-01,Manufactura,16.51803448933821,95.32059964785145,,
2016-04-01,Otros Servicios,14.89,84.5097340930305,,
2016-04-01,Minería,12.150090493066784,86.97546245173308,,
2016-04-01,Comercio,10.177576612562678,92.41135349315581,,
2016-04-01,Agro,5.966348966039294,85.04712404128291,,
2016-04-01,Construcción,5.103959110771897,94.53866267277127,,
2016-04-01,Transporte,4.97,88.01240325526312,,
2016-04-01,Servicios a Empresas,4.24,91.22543283660232,,
2016-04-01,Servicios Financieros,3.22,86.7304829173519,,
2016-04-01,Alojamiento y Restaurantes,2.86,88.97550765448354,,
2016-04-01,Petróleo,2.204931356019681,94.20309473362406,,
2016-04-01,Pesca,0.739459418879988,74.89802043618414,,
2016-05-01,PBI,100,89.22102085626497,,
2016-05-01,Manufactura,16.51803448933821,94.59469607359557,,
2016-05-01,Otros Servicios,14.89,84.87369257403796,,
2016-05-01,Minería,12.150090493066784,89.26457849032991,,
2016-05-01,Comercio,10.177576612562678,92.578670942415755,,
2016-05-01,Agro,5.966348966039294,85.1463160101158,,
2016-05-01,Construcción,5.103959110771897,94.93084978840032,,
2016-05-01,Transporte,4.97,88.2916025797958,,
2016-05-01,Servicios a Empresas,4.24,91.36041189920554,,
2016-05-01,Servicios Financieros,3.22,87.17976760281945,,
2016-05-01,Alojamiento y Restaurantes,2.86,89.15242036308001,,
2016-05-01,Petróleo,2.204931356019681,91.80810622278365,,
2016-05-01,Pesca,0.739459418879988,65.91710558638823,,
2016-06-01,PBI,100,89.48209647832086,,
2016-06-01,Manufactura,16.51803448933821,94.50616554259405,,
2016-06-01,Otros Servicios,14.89,85.19115645025244,,
2016-06-01,Minería,12.150090493066784,90.79624746836053,,
2016-06-01,Comercio,10.177576612562678,92.69848797061141,,
2016-06-01,Agro,5.966348966039294,85.19023557679368,,
2016-06-01,Construcción,5.103959110771897,94.66307506945556,,
2016-06-01,Transporte,4.97,88.40612606859148,,
2016-06-01,Servicios a Empresas,4.24,91.5051355965581,,
2016-06-01,Servicios Financieros,3.22,87.58378212814407,,
2016-06-01,Alojamiento y Restaurantes,2.86,89.35767305331346,,
2016-06-01,Petróleo,2.204931356019681,89.16376572840609,,
2016-06-01,Pesca,0.739459418879988,65.88553691017938,,
2016-07-01,PBI,100,89.74795305438853,,
2016-07-01,Manufactura,16.51803448933821,94.56532520772144,,
2016-07-01,Otros Servicios,14.89,85.5078679929587,,
2016-07-01,Minería,12.150090493066784,91.9404930871097,,
2016-07-01,Comercio,10.177576612562678,92.79528457680334,,
2016-07-01,Agro,5.966348966039294,85.10760598780523,,
2016-07-01,Construcción,5.103959110771897,94.01419141882666,,
2016-07-01,Transporte,4.97,88.58425760200328,,
2016-07-01,Servicios a Empresas,4.24,91.67534140588546,,
2016-07-01,Servicios Financieros,3.22,88.04130405683019,,
2016-07-01,Alojamiento y Restaurantes,2.86,89.61030949013626,,
2016-07-01,Petróleo,2.204931356019681,87.1804884408464,,
2016-07-01,Pesca,0.739459418879988,71.1386432062038,,
2016-08-01,PBI,100,90.16608458871325,,
2016-08-01,Manufactura,16.51803448933821,94.79564330309123,,
2016-08-01,Otros Servicios,14.89,85.8248882106216,,
2016-08-01,Minería,12.150090493066784,93.34623231444426,,
2016-08-01,Comercio,10.177576612562678,92.94120980553741,,
2016-08-01,Agro,5.966348966039294,85.48423964092387,,
2016-08-01,Construcción,5.103959110771897,94.08796715307106,,
2016-08-01,Transporte,4.97,88.88448484319412,,
2016-08-01,Servicios a Empresas,4.24,91.82238097747822,,
2016-08-01,Servicios Financieros,3.22,88.46005836559586,,
2016-08-01,Alojamiento y Restaurantes,2.86,89.77612047712665,,
2016-08-01,Petróleo,2.204931356019681,84.258247796008,,
2016-08-01,Pesca,0.739459418879988,73.3814593089565,,
2016-09-01,PBI,100,90.4981127615472,,
2016-09-01,Manufactura,16.51803448933821,95.0079564390233,,
2016-09-01,Otros Servicios,14.89,86.15610666368768,,
2016-09-01,Minería,12.150090493066784,94.51917177303234,,
2016-09-01,Comercio,10.177576612562678,93.04734514093134,,
2016-09-01,Agro,5.966348966039294,85.67612038048986,,
2016-09-01,Construcción,5.103959110771897,93.75582341228255,,
2016-09-01,Transporte,4.97,89.1084754914355,,
2016-09-01,Servicios a Empresas,4.24,92.02143310968393,,
2016-09-01,Servicios Financieros,3.22,88.79103601170975,,
2016-09-01,Alojamiento y Restaurantes,2.86,89.94436697754811,,
2016-09-01,Petróleo,2.204931356019681,81.37546361087266,,
2016-09-01,Pesca,0.739459418879988,74.121375334576,,
2016-10-01,PBI,100,90.66262333239727,,
2016-10-01,Manufactura,16.51803448933821,94.77292889483586,,
2016-10-01,Otros Servicios,14.89,86.44321939046462,,
2016-10-01,Minería,12.150090493066784,96.09175376966783,,
2016-10-01,Comercio,10.177576612562678,93.10587078866368,,
2016-10-01,Agro,5.966348966039294,85.9512380897783,,
2016-10-01,Construcción,5.103959110771897,92.24159631589947,,
2016-10-01,Transporte,4.97,89.30231545671012,,
2016-10-01,Servicios a Empresas,4.24,92.17502161630506,,
2016-10-01,Servicios Financieros,3.22,88.94632107985632,,
2016-10-01,Alojamiento y Restaurantes,2.86,90.108973313965,,
2016-10-01,Petróleo,2.204931356019681,78.16501542782112,,
2016-10-01,Pesca,0.739459418879988,74.265909593425,,
2016-11-01,PBI,100,90.92409756428899,,
2016-11-01,Manufactura,16.51803448933821,95.12062683175104,,
2016-11-01,Otros Servicios,14.89,86.74295846267262,,
2016-11-01,Minería,12.150090493066784,97.20839793653971,,
2016-11-01,Comercio,10.177576612562678,93.14055642994356,,
2016-11-01,Agro,5.966348966039294,86.32938632094351,,
2016-11-01,Construcción,5.103959110771897,91.48755806401486,,
2016-11-01,Transporte,4.97,89.49309000574198,,
2016-11-01,Servicios a Empresas,4.24,92.27331072337648,,
2016-11-01,Servicios Financieros,3.22,88.95851566788728,,
2016-11-01,Alojamiento y Restaurantes,2.86,90.27774657730157,,
2016-11-01,Petróleo,2.204931356019681,75.04198989456451,,
2016-11-01,Pesca,0.739459418879988,75.93795234068352,,
2016-12-01,PBI,100,91.21127740255547,,
2016-12-01,Manufactura,16.51803448933821,95.75217849918599,,
2016-12-01,Otros Servicios,14.89,87.07472741929601,,
2016-12-01,Minería,12.150090493066784,97.89351983610882,,
2016-12-01,Comercio,10.177576612562678,93.25152916530149,,
2016-12-01,Agro,5.966348966039294,86.49754975754985,,
2016-12-01,Construcción,5.103959110771897,90.97118210895758,,
2016-12-01,Transporte,4.97,89.80624255174352,,
2016-12-01,Servicios a Empresas,4.24,92.43234034089491,,
2016-12-01,Servicios Financieros,3.22,88.98570155137658,,
2016-12-01,Alojamiento y Restaurantes,2.86,90.48671305282447,,
2016-12-01,Petróleo,2.204931356019681,71.902638530381,,
2016-12-01,Pesca,0.739459418879988,80.09460088212556,,
2017-01-01,PBI,100,91.55897719749345,,
2017-01-01,Manufactura,16.51803448933821,96.26157856752737,,
2017-01-01,Otros Servicios,14.89,87.37477092559033,,
2017-01-01,Minería,12.150090493066784,98.89957399579687,,
2017-01-01,Comercio,10.177576612562678,93.3156516115517,,
2017-01-01,Agro,5.966348966039294,86.62601061192287,,
2017-01-01,Construcción,5.103959110771897,90.63586639313894,,
2017-01-01,Transporte,4.97,90.17935914480995,,
2017-01-01,Servicios a Empresas,4.24,92.4941814115007,,
2017-01-01,Servicios Financieros,3.22,89.0297993143356,,
2017-01-01,Alojamiento y Restaurantes,2.86,90.63474914936029,,
2017-01-01,Petróleo,2.204931356019681,70.10963354465633,,
2017-01-01,Pesca,0.739459418879988,83.39823473388306,,
2017-02-01,PBI,100,91.61472874763426,,
2017-02-01,Manufactura,16.51803448933821,96.0781390209065,,
2017-02-01,Otros Servicios,14.89,87.67034516790721,,
2017-02-01,Minería,12.150090493066784,99.0227158403586,,
2017-02-01,Comercio,10.177576612562678,93.32795938844448,,
2017-02-01,Agro,5.966348966039294,86.57586716360609,,
2017-02-01,Construcción,5.103959110771897,90.1478754150028,,
2017-02-01,Transporte,4.97,90.31541648827474,,
2017-02-01,Servicios a Empresas,4.24,92.55071885129328,,
2017-02-01,Servicios Financieros,3.22,88.94547263387308,,
2017-02-01,Alojamiento y Restaurantes,2.86,90.72920734306035,,
2017-02-01,Petróleo,2.204931356019681,69.09508885884892,,
2017-02-01,Pesca,0.739459418879988,84.68379605699455,,
2017-03-01,PBI,100,91.70127436237352,,
2017-03-01,Manufactura,16.51803448933821,96.28381678191327,,
2017-03-01,Otros Servicios,14.89,87.99592750699516,,
2017-03-01,Minería,12.150090493066784,98.82069964685816,,
2017-03-01,Comercio,10.177576612562678,93.26920772505093,,
2017-03-01,Agro,5.966348966039294,86.48945787334765,,
2017-03-01,Construcción,5.103959110771897,89.85347981096561,,
2017-03-01,Transporte,4.97,90.42815260182284,,
2017-03-01,Servicios a Empresas,4.24,92.54750720260641,,
2017-03-01,Servicios Financieros,3.22,88.85264583367174,,
2017-03-01,Alojamiento y Restaurantes,2.86,90.64331828992522,,
2017-03-01,Petróleo,2.204931356019681,69.64172481621,,
2017-03-01,Pesca,0.739459418879988,86.26029168867801,,
2017-04-01,PBI,100,91.7248467151059,,
2017-04-01,Manufactura,16.51803448933821,96.10777120889315,,
2017-04-01,Otros Servicios,14.89,88.3112364979304,,
2017-04-01,Minería,12.150090493066784,98.9832159868249,,
2017-04-01,Comercio,10.177576612562678,93.22649227822241,,
2017-04-01,Agro,5.966348966039294,86.45424421929717,,
2017-04-01,Construcción,5.103959110771897,89.23213505547936,,
2017-04-01,Transporte,4.97,90.5667487808683,,
2017-04-01,Servicios a Empresas,4.24,92.46298672267726,,
2017-04-01,Servicios Financieros,3.22,88.75846840373629,,
2017-04-01,Alojamiento y Restaurantes,2.86,90.76241949082154,,
2017-04-01,Petróleo,2.204931356019681,70.05109094440122,,
2017-04-01,Pesca,0.739459418879988,90.59642288439301,,
2017-05-01,PBI,100,92.00392851814921,,
2017-05-01,Manufactura,16.51803448933821,97.02961561846955,,
2017-05-01,Otros Servicios,14.89,88.67299931804766,,
2017-05-01,Minería,12.150090493066784,99.14560241040238,,
2017-05-01,Comercio,10.177576612562678,93.33935062066737,,
2017-05-01,Agro,5.966348966039294,86.12470276185866,,
2017-05-01,Construcción,5.103959110771897,88.94529420994488,,
2017-05-01,Transporte,4.97,90.80188855310907,,
2017-05-01,Servicios a Empresas,4.24,92.48404494349917,,
2017-05-01,Servicios Financieros,3.22,88.88785173551595,,
2017-05-01,Alojamiento y Restaurantes,2.86,90.823753489201,,
2017-05-01,Petróleo,2.204931356019681,69.84109282115165,,
2017-05-01,Pesca,0.739459418879988,103.00836047654597,,
2017-06-01,PBI,100,92.30389296677076,,
2017-06-01,Manufactura,16.51803448933821,97.28527678252472,,
2017-06-01,Otros Servicios,14.89,89.02359015407009,,
2017-06-01,Minería,12.150090493066784,99.7385614383719,,
2017-06-01,Comercio,10.177576612562678,93.4756453842102,,
2017-06-01,Agro,5.966348966039294,86.73964528827209,,
2017-06-01,Construcción,5.103959110771897,89.17135535750593,,
2017-06-01,Transporte,4.97,91.06892776209786,,
2017-06-01,Servicios a Empresas,4.24,92.55585650023775,,
2017-06-01,Servicios Financieros,3.22,88.90256050788682,,
2017-06-01,Alojamiento y Restaurantes,2.86,90.92986812303106,,
2017-06-01,Petróleo,2.204931356019681,70.93033469827165,,
2017-06-01,Pesca,0.739459418879988,106.74501379528077,,
2017-07-01,PBI,100,92.47539066614372,,
2017-07-01,Manufactura,16.51803448933821,96.92992325792355,,
2017-07-01,Otros Servicios,14.89,89.3616541491561,,
2017-07-01,Minería,12.150090493066784,100.14579419117311,,
2017-07-01,Comercio,10.177576612562678,93.5730390102973,,
2017-07-01,Agro,5.966348966039294,87.68901963181874,,
2017-07-01,Construcción,5.103959110771897,89.44864120201582,,
2017-07-01,Transporte,4.97,91.22907243768219,,
2017-07-01,Servicios a Empresas,4.24,92.64897756093531,,
2017-07-01,Servicios Financieros,3.22,89.00753575001966,,
2017-07-01,Alojamiento y Restaurantes,2.86,91.0211960084703,,
2017-07-01,Petróleo,2.204931356019681,71.47758119440766,,
2017-07-01,Pesca,0.739459418879988,101.63321002186024,,
2017-08-01,PBI,100,92.6945067838566,,
2017-08-01,Manufactura,16.51803448933821,96.97652993528634,,
2017-08-01,Otros Servicios,14.89,89.7123021766184,,
2017-08-01,Minería,12.150090493066784,100.5401733291147,,
2017-08-01,Comercio,10.177576612562678,93.67448749872179,,
2017-08-01,Agro,5.966348966039294,87.81210821832924,,
2017-08-01,Construcción,5.103959110771897,89.80326445851229,,
2017-08-01,Transporte,4.97,91.38592221393158,,
2017-08-01,Servicios a Empresas,4.24,92.72247283602158,,
2017-08-01,Servicios Financieros,3.22,89.08635338625523,,
2017-08-01,Alojamiento y Restaurantes,2.86,91.13595442739143,,
2017-08-01,Petróleo,2.204931356019681,72.68955461169872,,
2017-08-01,Pesca,0.739459418879988,99.34114602711296,,
2017-09-01,PBI,100,92.95258319422346,,
2017-09-01,Manufactura,16.51803448933821,96.87435142233021,,
2017-09-01,Otros Servicios,14.89,90.09556798982891,,
2017-09-01,Minería,12.150090493066784,101.31422179372554,,
2017-09-01,Comercio,10.177576612562678,93.80813592629623,,
2017-09-01,Agro,5.966348966039294,88.1308991743927,,
2017-09-01,Construcción,5.103959110771897,90.50605812398014,,
2017-09-01,Transporte,4.97,91.50019744892359,,
2017-09-01,Servicios a Empresas,4.24,92.8391154473989,,
2017-09-01,Servicios Financieros,3.22,89.29128408500266,,
2017-09-01,Alojamiento y Restaurantes,2.86,91.22542056521439,,
2017-09-01,Petróleo,2.204931356019681,73.94603088670144,,
2017-09-01,Pesca,0.739459418879988,98.05611545440071,,
2017-10-01,PBI,100,93.23092415033646,,
2017-10-01,Manufactura,16.51803448933821,97.1175897622465,,
2017-10-01,Otros Servicios,14.89,90.45652112326341,,
2017-10-01,Minería,12.150090493066784,101.21224865460583,,
2017-10-01,Comercio,10.177576612562678,93.91906545265392,,
2017-10-01,Agro,5.966348966039294,88.17957815685843,,
2017-10-01,Construcción,5.103959110771897,91.72527695003467,,
2017-10-01,Transporte,4.97,91.8309353824109,,
2017-10-01,Servicios a Empresas,4.24,92.96717602678267,,
2017-10-01,Servicios Financieros,3.22,89.56706082189646,,
2017-10-01,Alojamiento y Restaurantes,2.86,91.30106789013202,,
2017-10-01,Petróleo,2.204931356019681,74.7992664112895,,
2017-10-01,Pesca,0.739459418879988,97.51383561227544,,
2017-11-01,PBI,100,93.38738833066833,,
2017-11-01,Manufactura,16.51803448933821,96.63998091009421,,
2017-11-01,Otros Servicios,14.89,90.80373765205462,,
2017-11-01,Minería,12.150090493066784,101.65990576592026,,
2017-11-01,Comercio,10.177576612562678,94.04934106484191,,
2017-11-01,Agro,5.966348966039294,88.23529014857135,,
2017-11-01,Construcción,5.103959110771897,92.14723352913803,,
2017-11-01,Transporte,4.97,92.16068851812138,,
2017-11-01,Servicios a Empresas,4.24,93.09727584590173,,
2017-11-01,Servicios Financieros,3.22,89.76248863835391,,
2017-11-01,Alojamiento y Restaurantes,2.86,91.41353311291562,,
2017-11-01,Petróleo,2.204931356019681,76.0041664900078,,
2017-11-01,Pesca,0.739459418879988,93.47112974566525,,
2017-12-01,PBI,100,93.5087393851742,,
2017-12-01,Manufactura,16.51803448933821,95.51194671222582,,
2017-12-01,Otros Servicios,14.89,91.1994115332324,,
2017-12-01,Minería,12.150090493066784,102.2750475940616,,
2017-12-01,Comercio,10.177576612562678,94.21066728763392,,
2017-12-01,Agro,5.966348966039294,89.04659845652205,,
2017-12-01,Construcción,5.103959110771897,92.92163943924456,,
2017-12-01,Transporte,4.97,92.43090036421285,,
2017-12-01,Servicios a Empresas,4.24,93.36389232817841,,
2017-12-01,Servicios Financieros,3.22,90.08802374783264,,
2017-12-01,Alojamiento y Restaurantes,2.86,91.60755208410218,,
2017-12-01,Petróleo,2.204931356019681,77.48884240990863,,
2017-12-01,Pesca,0.739459418879988,83.83121921020171,,
2018-01-01,PBI,100,93.7180482825147,,
2018-01-01,Manufactura,16.51803448933821,95.50063215034899,,
2018-01-01,Otros Servicios,14.89,91.54138016023876,,
2018-01-01,Minería,12.150090493066784,102.09830116954225,,
2018-01-01,Comercio,10.177576612562678,94.37368377315353,,
2018-01-01,Agro,5.966348966039294,89.36047562457745,,
2018-01-01,Construcción,5.103959110771897,93.37558099150333,,
2018-01-01,Transporte,4.97,92.85676734000387,,
2018-01-01,Servicios a Empresas,4.24,93.50369072651695,,
2018-01-01,Servicios Financieros,3.22,90.46831033973777,,
2018-01-01,Alojamiento y Restaurantes,2.86,91.80362519015867,,
2018-01-01,Petróleo,2.204931356019681,78.93104289434935,,
2018-01-01,Pesca,0.739459418879988,85.54380853793204,,
2018-02-01,PBI,100,93.91219418535648,,
2018-02-01,Manufactura,16.51803448933821,95.47957173609801,,
2018-02-01,Otros Servicios,14.89,91.86602336401494,,
2018-02-01,Minería,12.150090493066784,102.18856757889102,,
2018-02-01,Comercio,10.177576612562678,94.56344586392692,,
2018-02-01,Agro,5.966348966039294,89.71854528916346,,
2018-02-01,Construcción,5.103959110771897,93.785804771302125,,
2018-02-01,Transporte,4.97,93.2370172220499,,
2018-02-01,Servicios a Empresas,4.24,93.67137637459089,,
2018-02-01,Servicios Financieros,3.22,90.8086312094199,,
2018-02-01,Alojamiento y Restaurantes,2.86,92.01996224140218,,
2018-02-01,Petróleo,2.204931356019681,80.25920701865549,,
2018-02-01,Pesca,0.739459418879988,86.51294330575224,,
2018-03-01,PBI,100,94.20465251253935,,
2018-03-01,Manufactura,16.51803448933821,95.62604759744616,,
2018-03-01,Otros Servicios,14.89,92.22981981876265,,
2018-03-01,Minería,12.150090493066784,102.57951686267057,,
2018-03-01,Comercio,10.177576612562678,94.80280218005583,,
2018-03-01,Agro,5.966348966039294,90.3959492104075,,
2018-03-01,Construcción,5.103959110771897,93.78426760469358,,
2018-03-01,Transporte,4.97,93.71732146451853,,
2018-03-01,Servicios a Empresas,4.24,93.8681038749828,,
2018-03-01,Servicios Financieros,3.22,91.14759643971166,,
2018-03-01,Alojamiento y Restaurantes,2.86,92.30774486967385,,
2018-03-01,Petróleo,2.204931356019681,81.6477501764156,,
2018-03-01,Pesca,0.739459418879988,86.93456817348789,,
2018-04-01,PBI,100,94.81879788776867,,
2018-04-01,Manufactura,16.51803448933821,97.21955655435319,,
2018-04-01,Otros Servicios,14.89,92.6365096126934,,
2018-04-01,Minería,12.150090493066784,102.50533473378086,,
2018-04-01,Comercio,10.177576612562678,95.17458743948973,,
2018-04-01,Agro,5.966348966039294,91.4462456388589,,
2018-04-01,Construcción,5.103959110771897,94.45206930401889,,
2018-04-01,Transporte,4.97,94.37643499197247,,
2018-04-01,Servicios a Empresas,4.24,94.12296982270385,,
2018-04-01,Servicios Financieros,3.22,91.71736935573759,,
2018-04-01,Alojamiento y Restaurantes,2.86,92.55071443298701,,
2018-04-01,Petróleo,2.204931356019681,82.64908578959465,,
2018-04-01,Pesca,0.739459418879988,94.88592844176637,,
2018-05-01,PBI,100,95.34946214321923,,
2018-05-01,Manufactura,16.51803448933821,98.09261645425534,,
2018-05-01,Otros Servicios,14.89,93.02368801739965,,
2018-05-01,Minería,12.150090493066784,102.52318992063034,,
2018-05-01,Comercio,10.177576612562678,95.42299253421587,,
2018-05-01,Agro,5.966348966039294,93.02063205141079,,
2018-05-01,Construcción,5.103959110771897,95.10096686708313,,
2018-05-01,Transporte,4.97,94.92798968687805,,
2018-05-01,Servicios a Empresas,4.24,94.38111150912599,,
2018-05-01,Servicios Financieros,3.22,92.37927366655154,,
2018-05-01,Alojamiento y Restaurantes,2.86,92.80197228098534,,
2018-05-01,Petróleo,2.204931356019681,84.27108524681002,,
2018-05-01,Pesca,0.739459418879988,100.00255467462016,,
2018-06-01,PBI,100,95.51237481962247,,
2018-06-01,Manufactura,16.51803448933821,98.21101003347286,,
2018-06-01,Otros Servicios,14.89,93.3728415556255,,
2018-06-01,Minería,12.150090493066784,101.98956164429937,,
2018-06-01,Comercio,10.177576612562678,95.552274081767,,
2018-06-01,Agro,5.966348966039294,93.51548470308421,,
2018-06-01,Construcción,5.103959110771897,95.24449207446945,,
2018-06-01,Transporte,4.97,95.21504776195039,,
2018-06-01,Servicios a Empresas,4.24,94.60537768117362,,
2018-06-01,Servicios Financieros,3.22,92.90145514400564,,
2018-06-01,Alojamiento y Restaurantes,2.86,92.94681830421472,,
2018-06-01,Petróleo,2.204931356019681,83.87152314304186,,
2018-06-01,Pesca,0.739459418879988,99.38708887187313,,
2018-07-01,PBI,100,95.71742648390337,,
2018-07-01,Manufactura,16.51803448933821,98.3693588768925,,
2018-07-01,Otros Servicios,14.89,93.71796150603849,,
2018-07-01,Minería,12.150090493066784,101.47692444866925,,
2018-07-01,Comercio,10.177576612562678,95.76864425583868,,
2018-07-01,Agro,5.966348966039294,93.87548843451935,,
2018-07-01,Construcción,5.103959110771897,95.61770824683184,,
2018-07-01,Transporte,4.97,95.60845275133855,,
2018-07-01,Servicios a Empresas,4.24,94.91170380202189,,
2018-07-01,Servicios Financieros,3.22,93.2335923715122,,
2018-07-01,Alojamiento y Restaurantes,2.86,93.14656308385283,,
2018-07-01,Petróleo,2.204931356019681,83.42187470210644,,
2018-07-01,Pesca,0.739459418879988,98.87180395999584,,
2018-08-01,PBI,100,95.90023928355687,,
2018-08-01,Manufactura,16.51803448933821,98.52879211027104,,
2018-08-01,Otros Servicios,14.89,94.03803279181263,,
2018-08-01,Minería,12.150090493066784,101.4659256490094,,
2018-08-01,Comercio,10.177576612562678,95.97714577248568,,
2018-08-01,Agro,5.966348966039294,94.41014883126383,,
2018-08-01,Construcción,5.103959110771897,95.65985500764668,,
2018-08-01,Transporte,4.97,95.8567043472867,,
2018-08-01,Servicios a Empresas,4.24,95.15029593585777,,
2018-08-01,Servicios Financieros,3.22,93.7285988822363,,
2018-08-01,Alojamiento y Restaurantes,2.86,93.54521150781474,,
2018-08-01,Petróleo,2.204931356019681,82.652173164962,,
2018-08-01,Pesca,0.739459418879988,100.0075470444304,,
2018-09-01,PBI,100,96.0902588835771,,
2018-09-01,Manufactura,16.51803448933821,98.64966684701159,,
2018-09-01,Otros Servicios,14.89,94.33494749424803,,
2018-09-01,Minería,12.150090493066784,101.31642371204543,,
2018-09-01,Comercio,10.177576612562678,96.09571827113488,,
2018-09-01,Agro,5.966348966039294,94.85173544893522,,
2018-09-01,Construcción,5.103959110771897,95.5022748427462,,
2018-09-01,Transporte,4.97,96.17980119890228,,
2018-09-01,Servicios a Empresas,4.24,95.44532794786646,,
2018-09-01,Servicios Financieros,3.22,94.02832200088929,,
2018-09-01,Alojamiento y Restaurantes,2.86,93.85894617105787,,
2018-09-01,Petróleo,2.204931356019681,83.95506218820313,,
2018-09-01,Pesca,0.739459418879988,101.25779773093396,,
2018-10-01,PBI,100,96.41623862495595,,
2018-10-01,Manufactura,16.51803448933821,99.17073100949099,,
2018-10-01,Otros Servicios,14.89,94.64217808778513,,
2018-10-01,Minería,12.150090493066784,101.02316497504668,,
2018-10-01,Comercio,10.177576612562678,96.30652060054597,,
2018-10-01,Agro,5.966348966039294,95.34458123034156,,
2018-10-01,Construcción,5.103959110771897,96.29471257306456,,
2018-10-01,Transporte,4.97,96.40060181041665,,
2018-10-01,Servicios a Empresas,4.24,95.74367179282793,,
2018-10-01,Servicios Financieros,3.22,94.41528189573029,,
2018-10-01,Alojamiento y Restaurantes,2.86,94.19737827441759,,
2018-10-01,Petróleo,2.204931356019681,86.26929628872095,,
2018-10-01,Pesca,0.739459418879988,102.73373255390858,,
2018-11-01,PBI,100,96.81307144650147,,
2018-11-01,Manufactura,16.51803448933821,100.15681462431209,,
2018-11-01,Otros Servicios,14.89,94.97818554811694,,
2018-11-01,Minería,12.150090493066784,100.66722157857133,,
2018-11-01,Comercio,10.177576612562678,96.48939431338557,,
2018-11-01,Agro,5.966348966039294,95.6863813703621,,
2018-11-01,Construcción,5.103959110771897,97.2429902902339,,
2018-11-01,Transporte,4.97,96.73165478509947,,
2018-11-01,Servicios a Empresas,4.24,95.99070696168111,,
2018-11-01,Servicios Financieros,3.22,94.82631919792223,,
2018-11-01,Alojamiento y Restaurantes,2.86,94.5922651441828,,
2018-11-01,Petróleo,2.204931356019681,87.0376250167856,,
2018-11-01,Pesca,0.739459418879988,112.5004087118638,,
2018-12-01,PBI,100,97.22042978625309,,
2018-12-01,Manufactura,16.51803448933821,101.14090568020693,,
2018-12-01,Otros Servicios,14.89,95.30708524263784,,
2018-12-01,Minería,12.150090493066784,100.49752727226439,,
2018-12-01,Comercio,10.177576612562678,96.70500223526736,,
2018-12-01,Agro,5.966348966039294,95.89083234757464,,
2018-12-01,Construcción,5.103959110771897,97.8577836675127,,
2018-12-01,Transporte,4.97,97.05781568881895,,
2018-12-01,Servicios a Empresas,4.24,96.40835563668784,,
2018-12-01,Servicios Financieros,3.22,95.25915970343286,,
2018-12-01,Alojamiento y Restaurantes,2.86,94.88370845828702,,
2018-12-01,Petróleo,2.204931356019681,87.08567429795337,,
2018-12-01,Pesca,0.739459418879988,123.8059304118556,,
2019-01-01,PBI,100,97.34565728504292,,
2019-01-01,Manufactura,16.51803448933821,100.71831889053283,,
2019-01-01,Otros Servicios,14.89,95.58452533157332,,
2019-01-01,Minería,12.150090493066784,100.3879988196753,,
2019-01-01,Comercio,10.177576612562678,96.87710874045553,,
2019-01-01,Agro,5.966348966039294,96.13347055235089,,
2019-01-01,Construcción,5.103959110771897,97.82421665320109,,
2019-01-01,Transporte,4.97,97.33251942445791,,
2019-01-01,Servicios a Empresas,4.24,96.61092323431875,,
2019-01-01,Servicios Financieros,3.22,95.61641878258939,,
2019-01-01,Alojamiento y Restaurantes,2.86,95.2290786232504,,
2019-01-01,Petróleo,2.204931356019681,85.4855843919642,,
2019-01-01,Pesca,0.739459418879988,120.85246406289944,,
2019-02-01,PBI,100,97.49751926750744,,
2019-02-01,Manufactura,16.51803448933821,100.62267530025785,,
2019-02-01,Otros Servicios,14.89,95.89420200316145,,
2019-02-01,Minería,12.150090493066784,99.94689771378819,,
2019-02-01,Comercio,10.177576612562678,97.0122144286912,,
2019-02-01,Agro,5.966348966039294,96.4417158329788,,
2019-02-01,Construcción,5.103959110771897,97.8486310998999,,
2019-02-01,Transporte,4.97,97.55905547669941,,
2019-02-01,Servicios a Empresas,4.24,96.80333120825651,,
2019-02-01,Servicios Financieros,3.22,95.96183315329205,,
2019-02-01,Alojamiento y Restaurantes,2.86,95.46387313390844,,
2019-02-01,Petróleo,2.204931356019681,85.0580066266891,,
2019-02-01,Pesca,0.739459418879988,120.88600313855518,,
2019-03-01,PBI,100,97.76139806959041,,
2019-03-01,Manufactura,16.51803448933821,100.93824141403194,,
2019-03-01,Otros Servicios,14.89,96.19820621321603,,
2019-03-01,Minería,12.150090493066784,99.98867800494679,,
2019-03-01,Comercio,10.177576612562678,97.24895437078493,,
2019-03-01,Agro,5.966348966039294,96.86395083479968,,
2019-03-01,Construcción,5.103959110771897,98.26375974885129,,
2019-03-01,Transporte,4.97,97.78355879257907,,
2019-03-01,Servicios a Empresas,4.24,97.06770132620642,,
2019-03-01,Servicios Financieros,3.22,96.2853675272332,,
2019-03-01,Alojamiento y Restaurantes,2.86,95.6924718656196,,
2019-03-01,Petróleo,2.204931356019681,84.97655352879802,,
2019-03-01,Pesca,0.739459418879988,120.52368541809643,,
2019-04-01,PBI,100,97.76022842613052,,
2019-04-01,Manufactura,16.51803448933821,99.6589665691682,,
2019-04-01,Otros Servicios,14.89,96.48463324414668,,
2019-04-01,Minería,12.150090493066784,99.87996888177425,,
2019-04-01,Comercio,10.177576612562678,97.48494908009762,,
2019-04-01,Agro,5.966348966039294,97.28552204473964,,
2019-04-01,Construcción,5.103959110771897,98.92433674524527,,
2019-04-01,Transporte,4.97,97.8678616162678,,
2019-04-01,Servicios a Empresas,4.24,97.3586121745148,,
2019-04-01,Servicios Financieros,3.22,96.57041308077923,,
2019-04-01,Alojamiento y Restaurantes,2.86,96.00404594230551,,
2019-04-01,Petróleo,2.204931356019681,85.5440484771737,,
2019-04-01,Pesca,0.739459418879988,110.59467898194369,,
2019-05-01,PBI,100,97.81767806871979,,
2019-05-01,Manufactura,16.51803448933821,99.03781612060766,,
2019-05-01,Otros Servicios,14.89,96.82427410805653,,
2019-05-01,Minería,12.150090493066784,99.8809477662904,,
2019-05-01,Comercio,10.177576612562678,97.66787409581717,,
2019-05-01,Agro,5.966348966039294,97.5346465733846,,
2019-05-01,Construcción,5.103959110771897,98.88614943899184,,
2019-05-01,Transporte,4.97,98.00233202280135,,
2019-05-01,Servicios a Empresas,4.24,97.54745762887673,,
2019-05-01,Servicios Financieros,3.22,96.7600444590815,,
2019-05-01,Alojamiento y Restaurantes,2.86,96.407133081106,,
2019-05-01,Petróleo,2.204931356019681,86.20645005242253,,
2019-05-01,Pesca,0.739459418879988,105.26343211531177,,
2019-06-01,PBI,100,98.04314739438634,,
2019-06-01,Manufactura,16.51803448933821,99.09367767269578,,
2019-06-01,Otros Servicios,14.89,97.15024880917024,,
2019-06-01,Minería,12.150090493066784,99.67024553005214,,
2019-06-01,Comercio,10.177576612562678,97.89048191358269,,
2019-06-01,Agro,5.966348966039294,97.62819568238137,,
2019-06-01,Construcción,5.103959110771897,99.83765978234777,,
2019-06-01,Transporte,4.97,98.19614558527816,,
2019-06-01,Servicios a Empresas,4.24,97.75924799554345,,
2019-06-01,Servicios Financieros,3.22,97.0670269809443,,
2019-06-01,Alojamiento y Restaurantes,2.86,96.73752244460178,,
2019-06-01,Petróleo,2.204931356019681,87.4465906219067,,
2019-06-01,Pesca,0.739459418879988,107.20680945960979,,
2019-07-01,PBI,100,98.35989291703183,,
2019-07-01,Manufactura,16.51803448933821,99.73337251175839,,
2019-07-01,Otros Servicios,14.89,97.4931357382003,,
2019-07-01,Minería,12.150090493066784,99.62292990342185,,
2019-07-01,Comercio,10.177576612562678,98.15667685043701,,
2019-07-01,Agro,5.966348966039294,97.53706189753981,,
2019-07-01,Construcción,5.103959110771897,99.86401808837793,,
2019-07-01,Transporte,4.97,98.35776948708492,,
2019-07-01,Servicios a Empresas,4.24,98.06761911335455,,
2019-07-01,Servicios Financieros,3.22,97.49018795952098,,
2019-07-01,Alojamiento y Restaurantes,2.86,97.1644359770079,,
2019-07-01,Petróleo,2.204931356019681,87.6037717221387,,
2019-07-01,Pesca,0.739459418879988,110.06781094124136,,
2019-08-01,PBI,100,98.65939983721044,,
2019-08-01,Manufactura,16.51803448933821,99.91297478492585,,
2019-08-01,Otros Servicios,14.89,97.84719272274658,,
2019-08-01,Minería,12.150090493066784,99.59379602790683,,
2019-08-01,Comercio,10.177576612562678,98.42254598976172,,
2019-08-01,Agro,5.966348966039294,97.85362827496242,,
2019-08-01,Construcción,5.103959110771897,100.25192166488195,,
2019-08-01,Transporte,4.97,98.53079630192897,,
2019-08-01,Servicios a Empresas,4.24,98.35495601840869,,
2019-08-01,Servicios Financieros,3.22,97.78098515265958,,
2019-08-01,Alojamiento y Restaurantes,2.86,97.69860256715164,,
2019-08-01,Petróleo,2.204931356019681,89.45665767654943,,
2019-08-01,Pesca,0.739459418879988,110.6302274860708,,
2019-09-01,PBI,100,98.86591228288333,,
2019-09-01,Manufactura,16.51803448933821,100.06045264076522,,
2019-09-01,Otros Servicios,14.89,98.16193237849399,,
2019-09-01,Minería,12.150090493066784,99.16621080281044,,
2019-09-01,Comercio,10.177576612562678,98.71608445187225,,
2019-09-01,Agro,5.966348966039294,98.12690446736718,,
2019-09-01,Construcción,5.103959110771897,100.63965227325573,,
2019-09-01,Transporte,4.97,98.64533247055964,,
2019-09-01,Servicios a Empresas,4.24,98.69879621775536,,
2019-09-01,Servicios Financieros,3.22,98.22248243227808,,
2019-09-01,Alojamiento y Restaurantes,2.86,97.99650817057518,,
2019-09-01,Petróleo,2.204931356019681,90.50062960877898,,
2019-09-01,Pesca,0.739459418879988,111.17733763618975,,
2019-10-01,PBI,100,99.09193478880563,,
2019-10-01,Manufactura,16.51803448933821,100.13749388693817,,
2019-10-01,Otros Servicios,14.89,98.47885122807011,,
2019-10-01,Minería,12.150090493066784,99.17807019422527,,
2019-10-01,Comercio,10.177576612562678,99.01447532640736,,
2019-10-01,Agro,5.966348966039294,98.68698084815723,,
2019-10-01,Construcción,5.103959110771897,100.82658783405552,,
2019-10-01,Transporte,4.97,98.80123302753415,,
2019-10-01,Servicios a Empresas,4.24,98.95054135865509,,
2019-10-01,Servicios Financieros,3.22,98.57368537937253,,
2019-10-01,Alojamiento y Restaurantes,2.86,98.47054428834794,,
2019-10-01,Petróleo,2.204931356019681,90.51525532404021,,
2019-10-01,Pesca,0.739459418879988,111.63605833236599,,
2019-11-01,PBI,100,99.28403399744018,,
2019-11-01,Manufactura,16.51803448933821,99.93012709043143,,
2019-11-01,Otros Servicios,14.89,98.85539097383327,,
2019-11-01,Minería,12.150090493066784,99.48701399217738,,
2019-11-01,Comercio,10.177576612562678,99.28538452617988,,
2019-11-01,Agro,5.966348966039294,99.07076986645872,,
2019-11-01,Construcción,5.103959110771897,100.51684029175543,,
2019-11-01,Transporte,4.97,99.07837030624971,,
2019-11-01,Servicios a Empresas,4.24,99.20245062710002,,
2019-11-01,Servicios Financieros,3.22,99.06605345347084,,
2019-11-01,Alojamiento y Restaurantes,2.86,98.88282850978327,,
2019-11-01,Petróleo,2.204931356019681,92.74701514938654,,
2019-11-01,Pesca,0.739459418879988,109.7875151731181,,
2019-12-01,PBI,100,99.39878162175965,,
2019-12-01,Manufactura,16.51803448933821,99.4377782452056,,
2019-12-01,Otros Servicios,14.89,99.31498579352657,,
2019-12-01,Minería,12.150090493066784,99.6527629149565,,
2019-12-01,Comercio,10.177576612562678,99.60480183428503,,
2019-12-01,Agro,5.966348966039294,99.28538456495288,,
2019-12-01,Construcción,5.103959110771897,99.21188552710035,,
2019-12-01,Transporte,4.97,99.29396660595874,,
2019-12-01,Servicios a Empresas,4.24,99.68791368568074,,
2019-12-01,Servicios Financieros,3.22,99.49272469472413,,
2019-12-01,Alojamiento y Restaurantes,2.86,99.3298021195902,,
2019-12-01,Petróleo,2.204931356019681,94.4721229247739,,
2019-12-01,Pesca,0.739459418879988,102.57054280009297,,
2020-01-01,PBI,100,99.65323817473958,,
2020-01-01,Manufactura,16.51803448933821,99.52386028669954,,
2020-01-01,Otros Servicios,14.89,99.6328360867502,,
2020-01-01,Minería,12.150090493066784,99.85993438865212,,
2020-01-01,Comercio,10.177576612562678,99.8004020301048,,
2020-01-01,Agro,5.966348966039294,99.60575243964264,,
2020-01-01,Construcción,5.103959110771897,99.59043347450991,,
2020-01-01,Transporte,4.97,99.55266975596174,,
2020-01-01,Servicios a Empresas,4.24,99.8540076328301,,
2020-01-01,Servicios Financieros,3.22,99.78897687687427,,
2020-01-01,Alojamiento y Restaurantes,2.86,99.65576234539832,,
2020-01-01,Petróleo,2.204931356019681,97.7814396135341,,
2020-01-01,Pesca,0.739459418879988,99.39335594732246,,
2020-02-01,PBI,100,100,,
2020-02-01,Manufactura,16.51803448933821,100,,
2020-02-01,Otros Servicios,14.89,100,,
2020-02-01,Minería,12.150090493066784,100,,
2020-02-01,Comercio,10.177576612562678,100,,
2020-02-01,Agro,5.966348966039294,100,,
2020-02-01,Construcción,5.103959110771897,100,,
2020-02-01,Transporte,4.97,100,,
2020-02-01,Servicios a Empresas,4.24,100,,
2020-02-01,Servicios Financieros,3.22,100,,
2020-02-01,Alojamiento y Restaurantes,2.86,100,,
2020-02-01,Petróleo,2.204931356019681,100,,
2020-02-01,Pesca,0.739459418879988,100,,
2020-03-01,PBI,100,98.58008811812327,100.26811183974782,-1.6880237216245462
2020-03-01,Manufactura,16.51803448933821,97.16757548708804,100.04157235923714,-2.8739968721490925
2020-03-01,Otros Servicios,14.89,99.65713260078422,100.38813009123935,-0.730997490455124
2020-03-01,Minería,12.150090493066784,98.0689761993001,100.59612289395754,-2.5271466946574463
2020-03-01,Comercio,10.177576612562678,97.96828211775951,100.20138058920851,-2.233098471448997
2020-03-01,Agro,5.966348966039294,100.13045224304757,100.3425689452363,-0.21211670218872314
2020-03-01,Construcción,5.103959110771897,96.71247796779977,100.01901854188715,-3.3065405740873786
2020-03-01,Transporte,4.97,97.8673131707556,100.2701620652384,-2.4028488944828013
2020-03-01,Servicios a Empresas,4.24,99.25006025592,100.22975281648758,-0.979692560567571
2020-03-01,Servicios Financieros,3.22,100.3320200802242,100.41393402056913,-0.08191394034493271
2020-03-01,Alojamiento y Restaurantes,2.86,96.78670520102733,100.2495766444762,-3.4628714434488757
2020-03-01,Petróleo,2.204931356019681,99.87573428547132,99.70762496609834,0.1681093193729879
2020-03-01,Pesca,0.739459418879988,98.88961768637999,100.63257541067048,-1.7429577242904912
2020-04-01,PBI,100,95.35990710295941,100.53694251908176,-5.177035416122351
2020-04-01,Manufactura,16.51803448933821,92.98363179482685,100.0831620010848,-7.099530206257953
2020-04-01,Otros Servicios,14.89,97.96383346665478,100.77776663215595,-2.813933165501169
2020-04-01,Minería,12.150090493066784,94.37231792707937,101.19579941296209,-6.8234814858827235
2020-04-01,Comercio,10.177576612562678,92.77822258614663,100.40316671983412,-7.624944133687492
2020-04-01,Agro,5.966348966039294,100.39511843730722,100.686311425295,-0.2911929879877846
2020-04-01,Construcción,5.103959110771897,89.4552377010988,100.03804070082364,-10.582802999724848
2020-04-01,Transporte,4.97,92.57354539026238,100.54105400589172,-7.967508615629342
2020-04-01,Servicios a Empresas,4.24,94.94877737878386,100.460033496542,-5.511256117758137
2020-04-01,Servicios Financieros,3.22,100.71959081671228,100.82958145487211,-0.10999063815982879
2020-04-01,Alojamiento y Restaurantes,2.86,89.2344031745718,100.49977617396708,-11.265372999395282
2020-04-01,Petróleo,2.204931356019681,98.70824903442629,99.41610476380117,-0.7078557293748844
2020-04-01,Pesca,0.739459418879988,95.33081173281442,101.2691523378428,-5.9383406050283725
2020-05-01,PBI,100,92.58285111347811,100.80649396529589,-8.223642851817772
2020-05-01,Manufactura,16.51803448933821,89.23941070489174,100.12476893272779,-10.88535822783605
2020-05-01,Otros Servicios,14.89,96.57991122273155,101.16891546973432,-4.589004247002762
2020-05-01,Minería,12.150090493066784,90.00562960862223,101.7990507409861,-11.793421132363875
2020-05-01,Comercio,10.177576612562678,88.80865266694477,100.60535920855853,-11.796706541613759
2020-05-01,Agro,5.966348966039294,100.86527009460715,101.03123146034196,-0.1659613657348018
2020-05-01,Construcción,5.103959110771897,84.51821617263778,100.05706647749744,-15.538850304859665
2020-05-01,Transporte,4.97,87.95321551689814,100.81267779380651,-12.859462276908374
2020-05-01,Servicios a Empresas,4.24,91.99856957781188,100.69084325294469,-8.69227367513281
2020-05-01,Servicios Financieros,3.22,101.50624283637659,101.24694939531128,0.25929344106531005
2020-05-01,Alojamiento y Restaurantes,2.86,81.70945693133281,100.75060014304815,-19.041143211715337
2020-05-01,Petróleo,2.204931356019681,94.9180932007502,99.1254368937943,-4.207343693044095
2020-05-01,Pesca,0.739459418879988,87.8472783216357,101.90975609412642,-14.062477772490723
2020-06-01,PBI,100,91.0947269415971,101.07676811085152,-9.982041169254416
2020-06-01,Manufactura,16.51803448933821,88.24804616374287,100.16639316135385,-11.918346997610982
2020-06-01,Otros Servicios,14.89,95.56939949888549,101.56158247365286,-5.992182974767374
2020-06-01,Minería,12.150090493066784,88.88374595870225,102.40589818828457,-13.522152229582318
2020-06-01,Comercio,10.177576612562678,86.47597729653069,100.80795887370806,-14.331981577177373
2020-06-01,Agro,5.966348966039294,100.69419678657279,101.37733308431491,-0.6831362977421236
2020-06-01,Construcción,5.103959110771897,81.00235419869965,100.0760958725965,-19.073741673896848
2020-06-01,Transporte,4.97,84.41594464697599,101.0850354061564,-16.669090759180406
2020-06-01,Servicios a Empresas,4.24,89.25801184940137,100.92218330126342,-11.664171451862046
2020-06-01,Servicios Financieros,3.22,102.79627941944585,101.66604496364688,1.1302344557989699
2020-06-01,Alojamiento y Restaurantes,2.86,75.13165520618165,101.00205011017482,-25.870394903993173
2020-06-01,Petróleo,2.204931356019681,91.9800837964589,98.8356188640709,-6.855535067611996
2020-06-01,Pesca,0.739459418879988,93.75701766018153,102.55441215225211,-8.79739449207058
2020-07-01,PBI,100,90.17617021768899,101.34776689339115,-11.171596675702162
2020-07-01,Manufactura,16.51803448933821,87.5650608652322,100.20803469415378,-12.642973828921583
2020-07-01,Otros Servicios,14.89,94.9122092444776,101.95577353637198,-7.043564291894384
2020-07-01,Minería,12.150090493066784,88.35620569808756,103.01636319214778,-14.660157494060215
2020-07-01,Comercio,10.177576612562678,85.5761953316081,101.01096653525701,-15.434771203648907
2020-07-01,Agro,5.966348966039294,100.25019572512744,101.72462034497055,-1.4744246198431057
2020-07-01,Construcción,5.103959110771897,80.00838518092117,100.09512888680905,-20.086743705887883
2020-07-01,Transporte,4.97,82.05500817178873,101.35812882545663,-19.303120653667904
2020-07-01,Servicios a Empresas,4.24,86.76031802566142,101.15405485985882,-14.393736834197398
2020-07-01,Servicios Financieros,3.22,104.1666576749904,102.08687531111853,2.079782363871871
2020-07-01,Alojamiento y Restaurantes,2.86,68.50684957880298,101.25412763769197,-32.74727805888898
2020-07-01,Petróleo,2.204931356019681,90.58907849357199,98.54664818991016,-7.957569696338169
2020-07-01,Pesca,0.739459418879988,95.77113696403178,103.20314614608492,-7.432009182053136
2020-08-01,PBI,100,89.41580922651096,101.61949225575235,-12.20368302924139
2020-08-01,Manufactura,16.51803448933821,86.71210775242577,100.24969353832131,-13.537585785895544
2020-08-01,Otros Servicios,14.89,94.40781022374932,102.35149457322245,-7.943684349473131
2020-08-01,Minería,12.150090493066784,87.4294875452015,103.63046731765864,-16.200979772457146
2020-08-01,Comercio,10.177576612562678,84.90452860879951,101.21438301483093,-16.30985440603142
2020-08-01,Agro,5.966348966039294,100.04223315774368,102.07309730393193,-2.03086414618825
2020-08-01,Construcción,5.103959110771897,79.51067844246393,100.11416552082339,-20.603487078359464
2020-08-01,Transporte,4.97,79.83629770695525,101.63196003957849,-21.795662332623237
2020-08-01,Servicios a Empresas,4.24,85.38460439139632,101.38645914989075,-16.00185475849443
2020-08-01,Servicios Financieros,3.22,105.8497504805842,102.50944761856724,3.3403028620169692
2020-08-01,Alojamiento y Restaurantes,2.86,63.1505156249838,101.50683429184377,-38.35631866685998
2020-08-01,Petróleo,2.204931356019681,86.77945574545697,98.25852239385597,-11.479066648398998
2020-08-01,Pesca,0.739459418879988,95.90376394298308,103.85598387164339,-7.952219928660313
2020-09-01,PBI,100,88.93258572434118,101.89194614598165,-12.959360421640469
2020-09-01,Manufactura,16.51803448933821,86.50496059871708,100.29136970105318,-13.786409102336108
2020-09-01,Otros Servicios,14.89,94.09144176546656,102.74875152249435,-8.65730975702779
2020-09-01,Minería,12.150090493066784,86.49218445260529,104.2482322584544,-17.756047805849107
2020-09-01,Comercio,10.177576612562678,84.3629218929583,101.41820913570993,-17.055287242751632
2020-09-01,Agro,5.966348966039294,100.25041304952889,102.42276803673602,-2.172354987207129
2020-09-01,Construcción,5.103959110771897,79.91254440628278,100.13320577532794,-20.22066136904516
2020-09-01,Transporte,4.97,77.93653490285756,101.90653104176369,-23.969996138906126
2020-09-01,Servicios a Empresas,4.24,83.70419744675017,101.61939739532467,-17.915199948574497
2020-09-01,Servicios Financieros,3.22,107.58872162209774,102.93376909655798,4.6549525255397555
2020-09-01,Alojamiento y Restaurantes,2.86,58.96038303854312,101.76017164278338,-42.799788604240256
2020-09-01,Petróleo,2.204931356019681,82.38492769886629,97.97123900569565,-15.586311306829359
2020-09-01,Pesca,0.739459418879988,96.3482424728583,104.5129512881253,-8.16470881526699
2020-10-01,PBI,100,88.66172070297308,102.1651305173485,-13.503409814375416
2020-10-01,Manufactura,16.51803448933821,86.37641841489332,100.33306318954918,-13.956644774655857
2020-10-01,Otros Servicios,14.89,93.77083149111407,103.1475503455259,-9.376718854411834
2020-10-01,Minería,12.150090493066784,86.39680852008338,104.86967983749305,-18.47287131740967
2020-10-01,Comercio,10.177576612562678,84.03015928447888,101.62244572283217,-17.592286438353284
2020-10-01,Agro,5.966348966039294,100.41744971276636,102.7736366328813,-2.3561869201149506
2020-10-01,Construcción,5.103959110771897,81.31960666874473,100.15224965101126,-18.832642982266535
2020-10-01,Transporte,4.97,76.10996980061985,102.18184383063891,-26.07187403001906
2020-10-01,Servicios a Empresas,4.24,82.43773015643072,101.85287082293813,-19.415140666507412
2020-10-01,Servicios Financieros,3.22,109.37823119247756,103.35984698550268,6.018384206974872
2020-10-01,Alojamiento y Restaurantes,2.86,55.21951651801286,102.01414126458266,-46.7946247465698
2020-10-01,Petróleo,2.204931356019681,79.62989712669712,97.68479556243888,-18.054898435741762
2020-10-01,Pesca,0.739459418879988,96.86666970444887,105.17407451893999,-8.307404814491122
2020-11-01,PBI,100,88.49156758440586,102.43904732835934,-13.94747974395348
2020-11-01,Manufactura,16.51803448933821,86.16288412796854,100.37477401101197,-14.211889883043426
2020-11-01,Otros Servicios,14.89,93.46041947176118,103.54789702679315,-10.087477555031967
2020-11-01,Minería,12.150090493066784,86.11451017891248,105.49483200782433,-19.380321828911846
2020-11-01,Comercio,10.177576612562678,83.83145583383705,101.8270936027969,-17.99563776895984
2020-11-01,Agro,5.966348966039294,100.50274174371967,103.12570719587555,-2.6229654521558814
2020-11-01,Construcción,5.103959110771897,82.94357232319608,100.17129714856208,-17.227724825365996
2020-11-01,Transporte,4.97,74.38405004473309,102.45790041023044,-28.07385036549735
2020-11-01,Servicios a Empresas,4.24,81.47641790295353,102.08688066232729,-20.61046275937376
2020-11-01,Servicios Financieros,3.22,111.22280106433209,103.78768855578389,7.435112508548201
2020-11-01,Alojamiento y Restaurantes,2.86,51.91749294077128,102.26874473524201,-50.35125179447073
2020-11-01,Petróleo,2.204931356019681,75.19613732757385,97.39918960829642,-22.203052280722574
2020-11-01,Pesca,0.739459418879988,96.82922572859694,105.83937985274704,-9.010154124150105
2020-12-01,PBI,100,88.59449111714437,102.71369854277152,-14.119207425627152
2020-12-01,Manufactura,16.51803448933821,87.00460797708561,100.41650217264728,-13.411894195561672
2020-12-01,Otros Servicios,14.89,93.22742099286579,103.94979757399965,-10.722376581133858
2020-12-01,Minería,12.150090493066784,85.85992422733781,106.12371085336501,-20.263786626027198
2020-12-01,Comercio,10.177576612562678,83.68338340559808,102.0321536038681,-18.348770198270017
2020-12-01,Agro,5.966348966039294,100.31048663397317,103.47898384328393,-3.1684972093107575
2020-12-01,Construcción,5.103959110771897,85.96114590438103,100.19034826866917,-14.229202364288142
2020-12-01,Transporte,4.97,72.90103924318817,102.73470278997863,-29.83366354679046
2020-12-01,Servicios a Empresas,4.24,80.03476731598643,102.3214281459133,-22.286660829926873
2020-12-01,Servicios Financieros,3.22,113.0972749455185,104.21730110787861,8.879973837639895
2020-12-01,Alojamiento y Restaurantes,2.86,48.993168005878516,102.52398363670017,-53.53081563082165
2020-12-01,Petróleo,2.204931356019681,70.93976806424315,97.11441869465924,-26.17465063041608
2020-12-01,Pesca,0.739459418879988,106.89661363893177,106.50889374450165,0.3877198944301199
2021-01-01,PBI,100,88.52377096753881,102.98908612960757,-14.465315162068762
2021-01-01,Manufactura,16.51803448933821,87.57783041261952,100.45824768166386,-12.880417269044344
2021-01-01,Otros Servicios,14.89,93.16297918723338,104.35325801816673,-11.190278830933352
2021-01-01,Minería,12.150090493066784,85.2965462814859,106.75633858967923,-21.45979230819333
2021-01-01,Comercio,10.177576612562678,83.66890102280922,102.2376265559777,-18.568725533168475
2021-01-01,Agro,5.966348966039294,100.44665357140592,103.8334707067771,-3.3868171353711887
2021-01-01,Construcción,5.103959110771897,87.05297127722996,100.20940301202153,-13.156431734791568
2021-01-01,Transporte,4.97,70.96701491485675,103.01225298475256,-32.04523806989582
2021-01-01,Servicios a Empresas,4.24,79.43508653014247,102.55651450894885,-23.12142797880638
2021-01-01,Servicios Financieros,3.22,114.73159908938524,104.64869197248308,10.082907116902163
2021-01-01,Alojamiento y Restaurantes,2.86,46.34576890468488,102.77985955484397,-56.434090650159085
2021-01-01,Petróleo,2.204931356019681,67.24232525303688,96.83048038007732,-29.588155127040437
2021-01-01,Pesca,0.739459418879988,112.31432147224554,107.18264281650652,5.131678655739023
2021-02-01,PBI,100,88.2319900224903,103.26521206316914,-15.03322204067885
2021-02-01,Manufactura,16.51803448933821,87.62764522087171,100.50001054527343,-12.872365324401713
2021-02-01,Otros Servicios,14.89,92.91929368618896,104.75828441372389,-11.83899072753492
2021-02-01,Minería,12.150090493066784,85.23139499575115,107.39273756476312,-22.16134256901198
2021-02-01,Comercio,10.177576612562678,83.21720362645074,102.44351329072894,-19.226309664278205
2021-02-01,Agro,5.966348966039294,100.49035831061244,104.18917193217956,-3.698813621567126
2021-02-01,Construcción,5.103959110771897,88.11998727828126,100.22846137930823,-12.108474101026971
2021-02-01,Transporte,4.97,68.62501922042054,103.29055301486478,-34.665533794444244
2021-02-01,Servicios a Empresas,4.24,78.63431625777811,102.79214098952467,-24.157824731746558
2021-02-01,Servicios Financieros,3.22,116.04802278894735,105.08186851063779,10.96615427830956
2021-02-01,Alojamiento y Restaurantes,2.86,41.85068288552993,103.03637407951828,-61.185691193988355
2021-02-01,Petróleo,2.204931356019681,63.37050630576487,96.54737223023892,-33.17686592447405
2021-02-01,Pesca,0.739459418879988,113.90733581706154,107.8606538594705,6.0466819575910336
2021-03-01,PBI,100,89.56477710517196,103.5420783230512,-13.977301217879244
2021-03-01,Manufactura,16.51803448933821,90.50918059036196,100.54179077069068,-10.032610180328717
2021-03-01,Otros Servicios,14.89,93.36248778039185,105.16488283859964,-11.802395058207793
2021-03-01,Minería,12.150090493066784,86.54990435159672,108.03293025983443,-21.483025908237707
2021-03-01,Comercio,10.177576612562678,83.97347653906179,102.6498146413997,-18.67633810233791
2021-03-01,Agro,5.966348966039294,100.46059225690539,104.54609167951804,-4.085499422612656
2021-03-01,Construcción,5.103959110771897,93.571754931124,100.24752337121849,-6.675768440094487
2021-03-01,Transporte,4.97,69.21776130823882,103.56960490608589,-34.351843597847065
2021-03-01,Servicios a Empresas,4.24,78.93181906805478,103.02830882857599,-24.09648976052121
2021-03-01,Servicios Financieros,3.22,117.62080651943249,105.51683811385304,12.103968405579451
2021-03-01,Alojamiento y Restaurantes,2.86,42.33487243156449,103.29352880453591,-60.95865637297142
2021-03-01,Petróleo,2.204931356019681,60.9912085210192,96.2650918179496,-35.27388329693039
2021-03-01,Pesca,0.739459418879988,116.48120527509165,108.5429538335739,7.93825144151775
2021-04-01,PBI,100,92.56015272008469,103.81968689415626,-11.259534174071575
2021-04-01,Manufactura,16.51803448933821,94.8234699506072,100.58358836513332,-5.760118414526119
2021-04-01,Otros Servicios,14.89,94.80578124886212,105.57305939431285,-10.767278145450732
2021-04-01,Minería,12.150090493066784,89.7145103703298,108.67693929012647,-18.962428919796665
2021-04-01,Comercio,10.177576612562678,88.68492966945676,102.856531442946,-14.171601773489229
2021-04-01,Agro,5.966348966039294,100.11437610124354,104.90423412307035,-4.7898580218268165
2021-04-01,Construcción,5.103959110771897,101.45059768763134,100.2665889884417,1.184008699189647
2021-04-01,Transporte,4.97,72.22877701603014,103.84941068965942,-31.620633673629285
2021-04-01,Servicios a Empresas,4.24,82.22800932473629,103.26501926988915,-21.03700994515286
2021-04-01,Servicios Financieros,3.22,119.31278515020252,105.95360820423514,13.359176945967377
2021-04-01,Alojamiento y Restaurantes,2.86,46.30378827489675,103.55132532768732,-57.24753705279057
2021-04-01,Petróleo,2.204931356019681,59.6211549339707,95.9836367231114,-36.3624817891407
2021-04-01,Pesca,0.739459418879988,121.20782191556208,109.22956986954051,11.978252046021566
2021-05-01,PBI,100,95.34904207537215,104.0980397667086,-8.748997691336442
2021-05-01,Manufactura,16.51803448933821,98.77109669413855,100.62540333582209,-1.8543066416835359
2021-05-01,Otros Servicios,14.89,96.05981288222085,105.98282020606416,-9.923007323843308
2021-05-01,Minería,12.150090493066784,93.3411797241971,109.32478740568725,-15.983607681490142
2021-05-01,Comercio,10.177576612562678,92.88821164739721,103.06366453200523,-10.17545288460802
2021-05-01,Agro,5.966348966039294,99.58870314295665,105.26360345141397,-5.674900308457325
2021-05-01,Construcción,5.103959110771897,107.94352574824018,100.28565823166727,7.657867516572907
2021-05-01,Transporte,4.97,75.59323994448128,104.12997240231651,-28.536732457835228
2021-05-01,Servicios a Empresas,4.24,84.9679224393076,103.50227356010816,-18.534351120800565
2021-05-01,Servicios Financieros,3.22,120.5065048459671,106.39218623461298,14.114318611354122
2021-05-01,Alojamiento y Restaurantes,2.86,50.06269868640392,103.80976525075081,-53.747066564346895
2021-05-01,Petróleo,2.204931356019681,61.07207034763117,95.70300453270217,-34.630934185071
2021-05-01,Pesca,0.739459418879988,130.67432254955904,109.92052926971634,20.753793279842697
2021-06-01,PBI,100,96.9399408468459,104.37713893626854,-7.437198089422637
2021-06-01,Manufactura,16.51803448933821,100.20728111158259,100.66723568998066,-0.45995457839806875
2021-06-01,Otros Servicios,14.89,97.16825732238813,106.39417142282798,-9.225914100439851
2021-06-01,Minería,12.150090493066784,93.85358256348472,109.97649749218297,-16.12291492869825
2021-06-01,Comercio,10.177576612562678,95.18923437297089,103.27121474689969,-8.0819803739288
2021-06-01,Agro,5.966348966039294,100.86573626925389,105.6242038674752,-4.758467598221316
2021-06-01,Construcción,5.103959110771897,112.16345032901589,100.30473110158486,11.858719227431024
2021-06-01,Transporte,4.97,78.22804992073763,104.41129208629079,-26.183242165553153
2021-06-01,Servicios a Empresas,4.24,87.21668851895797,103.74007294874121,-16.52338442978325
2021-06-01,Servicios Financieros,3.22,121.10237104708543,106.8325796886653,14.269791358420122
2021-06-01,Alojamiento y Restaurantes,2.86,52.96042851194763,104.06885017950225,-51.108421667554616
2021-06-01,Petróleo,2.204931356019681,62.382384582088136,95.42319284075478,-33.040808258666644
2021-06-01,Pesca,0.739459418879988,124.41075371117567,110.6158595091554,13.794894202020274
2021-07-01,PBI,100,97.92656583749644,104.65698640374671,-6.730420566250274
2021-07-01,Manufactura,16.51803448933821,100.799357457614,100.70908543483581,0.09027202277817992
2021-07-01,Otros Servicios,14.89,97.96352532109145,106.80711921744476,-8.843593896353312
2021-07-01,Minería,12.150090493066784,94.34933167915369,110.63209257170652,-16.28276089255283
2021-07-01,Comercio,10.177576612562678,96.21111257478124,103.47918292763978,-7.268070352858544
2021-07-01,Agro,5.966348966039294,101.90327743789875,105.98603958857827,-4.082762150679514
2021-07-01,Construcción,5.103959110771897,114.70810456726434,100.32380759888422,14.384296968380127
2021-07-01,Transporte,4.97,80.05094075549692,104.69337178933323,-24.642431033836303
2021-07-01,Servicios a Empresas,4.24,88.59509682072998,103.97841868816722,-15.383321867437246
2021-07-01,Servicios Financieros,3.22,121.61531899607228,107.27479608104832,14.340522915023953
2021-07-01,Alojamiento y Restaurantes,2.86,56.18978461367989,104.32858172372521,-48.13879711004532
2021-07-01,Petróleo,2.204931356019681,63.01181706348892,95.14419924833658,-32.13238218484766
2021-07-01,Pesca,0.739459418879988,121.06732323691085,111.31558823671213,9.751735000198721
2021-08-01,PBI,100,98.82913761596699,104.93758417541844,-6.108446559451451
2021-08-01,Manufactura,16.51803448933821,101.71565823846143,100.75095257761721,0.964705660844217
2021-08-01,Otros Servicios,14.89,98.67386998741995,107.22166978671355,-8.5477997992936
2021-08-01,Minería,12.150090493066784,94.96016676268208,111.29159580359075,-16.331429040908674
2021-08-01,Comercio,10.177576612562678,97.01273762622009,103.6875699159276,-6.67483228970751
2021-08-01,Agro,5.966348966039294,102.47771605768341,106.34911484649456,-3.871398788811149
2021-08-01,Construcción,5.103959110771897,116.68235912564523,100.34288772425519,16.339471401390043
2021-08-01,Transporte,4.97,81.67610874904098,104.97621356472699,-23.300104815686012
2021-08-01,Servicios a Empresas,4.24,89.4080110581146,104.21731203364253,-14.809300975527933
2021-08-01,Servicios Financieros,3.22,121.90495642833972,107.71884295752395,14.18611347081577
2021-08-01,Alojamiento y Restaurantes,2.86,59.52370577122529,104.58896149722091,-45.06525572599562
2021-08-01,Petróleo,2.204931356019681,63.994017885688834,94.86602136352879,-30.872003477839954
2021-08-01,Pesca,0.739459418879988,120.03170033829824,112.01974327614077,8.011957062157464
2021-09-01,PBI,100,99.60971387220438,105.21893426293805,-5.609220390733668
2021-09-01,Manufactura,16.51803448933821,102.40957710648826,100.79283712555763,1.6167399809306318
2021-09-01,Otros Servicios,14.89,99.21434093201042,107.63782935148507,-8.423488419474651
2021-09-01,Minería,12.150090493066784,95.86672956450265,111.95503048522666,-16.08830092072401
2021-09-01,Comercio,10.177576612562678,97.6230043940564,103.89637655516029,-6.273372161103893
2021-09-01,Agro,5.966348966039294,103.39800315638048,106.71343388749234,-3.31543073111186
2021-09-01,Construcción,5.103959110771897,117.86233298630515,100.36197147838782,17.500361507917333
2021-09-01,Transporte,4.97,83.05056947851219,105.25981947130254,-22.209249992790348
2021-09-01,Servicios a Empresas,4.24,90.14838267159271,104.45675424330747,-14.308371571714758
2021-09-01,Servicios Financieros,3.22,121.73610339342673,108.16472789508857,13.571375498338156
2021-09-01,Alojamiento y Restaurantes,2.86,62.71077087134118,104.84999111781816,-42.13922024647698
2021-09-01,Petróleo,2.204931356019681,65.77113682107955,94.58865680140602,-28.817519980326466
2021-09-01,Pesca,0.739459418879988,118.65207323525517,112.72835262720182,5.923720608053358
2021-10-01,PBI,100,100.00027586273765,105.50103868335347,-5.500762820615819
2021-10-01,Manufactura,16.51803448933821,102.45109981573175,100.83473908589278,1.6163607298389735
2021-10-01,Otros Servicios,14.89,99.71206343833909,108.05560415675504,-8.343540718415952
2021-10-01,Minería,12.150090493066784,95.91411271906534,112.62242005288623,-16.708307333820883
2021-10-01,Comercio,10.177576612562678,98.0541682827788,104.10560369043336,-6.051435407654552
2021-10-01,Agro,5.966348966039294,103.8831136446601,107.07900097238617,-3.1958873277260693
2021-10-01,Construcción,5.103959110771897,117.637913793024,100.38105886197219,17.256854931051805
2021-10-01,Transporte,4.97,84.17993702430724,105.54419157345241,-21.364254549145173
2021-10-01,Servicios a Empresas,4.24,90.57329974514596,104.69674657819299,-14.123446833047026
2021-10-01,Servicios Financieros,3.22,121.0380423650159,108.61245850210237,12.425583862913527
2021-10-01,Alojamiento y Restaurantes,2.86,65.63169225444777,105.11167220738362,-39.47997995293585
2021-10-01,Petróleo,2.204931356019681,66.74520892762116,94.31210318401577,-27.566894256394605
2021-10-01,Pesca,0.739459418879988,117.06482930044986,113.44144446677542,3.623384833674436
2021-11-01,PBI,100,100.29779573470637,105.78389945912046,-5.486103724414093
2021-11-01,Manufactura,16.51803448933821,102.8873737262069,100.87665846586138,2.0107152603455205
2021-11-01,Otros Servicios,14.89,100.15548811377506,108.47500047175788,-8.319512357982816
2021-11-01,Minería,12.150090493066784,95.42962428209418,113.2937880825505,-17.864163800456325
2021-11-01,Comercio,10.177576612562678,98.35470979508715,104.31525216854422,-5.9605423734570735
2021-11-01,Agro,5.966348966039294,104.10565142360633,107.44582037658684,-3.3401689529805054
2021-11-01,Construcción,5.103959110771897,117.05641769502837,100.40014987569863,16.65626781932974
2021-11-01,Transporte,4.97,85.09846051519116,105.82933194114644,-20.73087142595527
2021-11-01,Servicios a Empresas,4.24,90.96494867848419,104.93729030222725,-13.972341623743063
2021-11-01,Servicios Financieros,3.22,120.63183032172209,109.06204241841908,11.569787903303009
2021-11-01,Alojamiento y Restaurantes,2.86,68.0433809484248,105.37400639183163,-37.33062544340683
2021-11-01,Petróleo,2.204931356019681,67.39569090740183,94.03635814035815,-26.640667232956318
2021-11-01,Pesca,0.739459418879988,119.38347311519803,114.15904714998165,5.224425965216383
2021-12-01,PBI,100,100.48168379893984,106.06751861811729,-5.58583481917745
2021-12-01,Manufactura,16.51803448933821,103.12942798188007,100.91859527270523,2.210832709174838
2021-12-01,Otros Servicios,14.89,100.44270999425346,108.8960245900608,-8.453314595807342
2021-12-01,Minería,12.150090493066784,94.86007084357911,113.96915829074234,-19.109087447163233
2021-12-01,Comercio,10.177576612562678,98.59446054875188,104.52532283799559,-5.930862289243706
2021-12-01,Agro,5.966348966039294,104.89270600893452,107.8138963901514,-2.9211903812168742
2021-12-01,Construcción,5.103959110771897,116.02867718828374,100.41924452025751,15.60943266802623
2021-12-01,Transporte,4.97,85.81518920398442,106.11524264994662,-20.300053445962206
2021-12-01,Servicios a Empresas,4.24,91.53540745306327,105.17838668224238,-13.642979229179105
2021-12-01,Servicios Financieros,3.22,119.59302032229387,109.51348731551647,10.079533006777396
2021-12-01,Alojamiento y Restaurantes,2.86,70.22105993852574,105.6369953011345,-35.415935362608764
2021-12-01,Petróleo,2.204931356019681,68.4523543391523,93.76141930636538,-25.30906496721309
2021-12-01,Pesca,0.739459418879988,117.4950561628579,114.88118921130814,2.613866951549767
2022-01-01,PBI,100,100.69719624369802,106.3518981936592,-5.654701949961179
2022-01-01,Manufactura,16.51803448933821,102.97812139378757,100.96054951366908,2.0175718801184956
2022-01-01,Otros Servicios,14.89,100.62065841895871,109.31868282965821,-8.698024410699503
2022-01-01,Minería,12.150090493066784,95.12590778492674,114.64855453536416,-19.522646750437417
2022-01-01,Comercio,10.177576612562678,98.76653130082403,104.73581654899884,-5.969285248174813
2022-01-01,Agro,5.966348966039294,105.38558597551959,108.1832333178333,-2.7976473423137094
2022-01-01,Construcción,5.103959110771897,115.98541090388257,100.43834279633934,15.547068107543225
2022-01-01,Transporte,4.97,86.56044955479159,106.40192578102246,-19.841476226230867
2022-01-01,Servicios a Empresas,4.24,91.72310929191977,105.420036987981,-13.696927696061238
2022-01-01,Servicios Financieros,3.22,118.87274444134108,109.96680089662705,8.905943544714034
2022-01-01,Alojamiento y Restaurantes,2.86,71.9631394774955,105.90064056933255,-33.93750109183705
2022-01-01,Petróleo,2.204931356019681,69.53315464465001,93.48728432488173,-23.954129680231716
2022-01-01,Pesca,0.739459418879988,114.36031768620052,115.60789936574469,-1.2475816795441688
2022-02-01,PBI,100,101.0520250082501,106.63704022451294,-5.585015216262846
2022-02-01,Manufactura,16.51803448933821,103.16278849007101,101.0025211960007,2.1602672940703087
2022-02-01,Otros Servicios,14.89,100.91288374992145,109.74298153306663,-8.830097783145177
2022-02-01,Minería,12.150090493066784,94.97434939552399,115.33200081654087,-20.357651421016882
2022-02-01,Comercio,10.177576612562678,99.32797015400267,104.94673415347758,-5.618763999474908
2022-02-01,Agro,5.966348966039294,105.58549251748737,108.55383547913273,-2.9683429616453623
2022-02-01,Construcción,5.103959110771897,115.78394875391429,100.45744470463482,15.326504049279464
2022-02-01,Transporte,4.97,87.68802043638772,106.6893834211659,-19.001362984778183
2022-02-01,Servicios a Empresas,4.24,91.94412358748124,105.66224249210316,-13.718118904621917
2022-02-01,Servicios Financieros,3.22,118.69114262184146,110.4219908968697,8.269151724971763
2022-02-01,Alojamiento y Restaurantes,2.86,74.99959896594595,106.16494383454429,-31.16534486859834
2022-02-01,Petróleo,2.204931356019681,71.47662865758126,93.21395084564311,-21.737322188061853
2022-02-01,Pesca,0.739459418879988,112.7927893673037,116.33920650992509,-3.5464171426213937
2022-03-01,PBI,100,101.35900095296665,106.9229467549115,-5.56394580194484
2022-03-01,Manufactura,16.51803448933821,103.5276154637402,101.04451032695087,2.4831051367893338
2022-03-01,Otros Servicios,14.89,101.10842227374599,110.1689270674197,-9.060504793673715
2022-03-01,Minería,12.150090493066784,94.76573335061022,116.01952127746755,-21.253787926857328
2022-03-01,Comercio,10.177576612562678,99.8788802057833,105.15807650507092,-5.279196299287619
2022-03-01,Agro,5.966348966039294,105.96985746924325,108.92570720834713,-2.9558497391038827
2022-03-01,Construcción,5.103959110771897,115.91338753800773,100.47655024583473,15.436837292172996
2022-03-01,Transporte,4.97,88.562647091820807,106.97761766280665,-18.414970570985844
2022-03-01,Servicios a Empresas,4.24,92.12495235658581,105.90500447019271,-13.7800521136069
2022-03-01,Servicios Financieros,3.22,117.99968416822804,110.87906508338159,7.120619084846453
2022-03-01,Alojamiento y Restaurantes,2.86,76.9180089398411,106.42990673897658,-29.511897799135483
2022-03-01,Petróleo,2.204931356019681,70.59129348489569,92.94141652525708,-22.350123040361396
2022-03-01,Pesca,0.739459418879988,111.11034326604575,117.07513972327601,-5.964796457230264
2022-04-01,PBI,100,101.67845618599705,107.20961983456867,-5.531163648571621
2022-04-01,Manufactura,16.51803448933821,103.77398081727523,101.0865169137734,2.687463903501836
2022-04-01,Otros Servicios,14.89,101.41875719483157,110.5965258245639,-9.177768629732327
2022-04-01,Minería,12.150090493066784,94.43278530837567,116.71114020526248,-22.27835489688681
2022-04-01,Comercio,10.177576612562678,100.07943263855135,105.36984445913717,-5.290411820585817
2022-04-01,Agro,5.966348966039294,106.76475002417175,109.29885285462196,-2.534102830450209
2022-04-01,Construcción,5.103959110771897,116.33651494788626,100.49565942062999,15.840855527256267
2022-04-01,Transporte,4.97,89.65688784785219,107.26663060402733,-17.609742756175137
2022-04-01,Servicios a Empresas,4.24,92.24165841237995,106.14832420076428,-13.90666578838433
2022-04-01,Servicios Financieros,3.22,117.14369705155133,111.3380312554507,5.805665796100627
2022-04-01,Alojamiento y Restaurantes,2.86,79.05848511728225,106.69553092893489,-27.63704581165264
2022-04-01,Petróleo,2.204931356019681,71.38964097150529,92.66967902718268,-21.280038055677394
2022-04-01,Pesca,0.739459418879988,108.59252208903962,117.81572826917355,-9.223206180133928
2022-05-01,PBI,100,101.90055242140592,107.49706151869378,-5.596509097287864
2022-05-01,Manufactura,16.51803448933821,103.92736096347343,101.1285409637251,2.798819999748332
2022-05-01,Otros Servicios,14.89,101.74109821643566,111.02578422115432,-9.284686004718665
2022-05-01,Minería,12.150090493066784,93.6503881505237,117.40688203182495,-23.756493881301253
2022-05-01,Comercio,10.177576612562678,100.31253663759627,105.58203887275708,-5.2695022351608145
2022-05-01,Agro,5.966348966039294,107.81716589905895,109.67327678200141,-1.8561108829424597
2022-05-01,Construcción,5.103959110771897,116.3527062198226,100.51477222971168,15.837933990110912
2022-05-01,Transporte,4.97,90.54720294416248,107.55642434857879,-17.00922140441631
2022-05-01,Servicios a Empresas,4.24,92.39443225995358,106.3922029652699,-13.997770705316327
2022-05-01,Servicios Financieros,3.22,116.47415318749941,111.79889724464888,4.6752559428505265
2022-05-01,Alojamiento y Restaurantes,2.86,80.98309892867775,106.96181805483337,-25.978719126155625
2022-05-01,Petróleo,2.204931356019681,72.03511605164388,92.39873602171039,-20.36361997006651
2022-05-01,Pesca,0.739459418879988,105.78392547389323,118.56100159610669,-12.777076122213458
2022-06-01,PBI,100,102.19061163382415,107.7852738680064,-5.594662234182252
2022-06-01,Manufactura,16.51803448933821,104.38253771356433,101.17058248406583,3.2119552294985
2022-06-01,Otros Servicios,14.89,101.98625782924505,111.45670869875109,-9.470450869506038
2022-06-01,Minería,12.150090493066784,93.75869414786088,118.10677133469835,-24.34807718683747
2022-06-01,Comercio,10.177576612562678,100.51841677424365,105.79466060473739,-5.2762438304937405
2022-06-01,Agro,5.966348966039294,107.75207202953125,110.04898336947959,-2.2969113399483376
2022-06-01,Construcción,5.103959110771897,116.81074490379622,100.53388867377096,16.27685623002526
2022-06-01,Transporte,4.97,91.29871415009293,107.8470010058955,-16.548286855802573
2022-06-01,Servicios a Empresas,4.24,92.48680056877201,106.63664204810578,-14.149841479333773
2022-06-01,Servicios Financieros,3.22,115.66790078117732,112.26167091496562,3.406229866211703
2022-06-01,Alojamiento y Restaurantes,2.86,82.03253420374647,107.22876977120539,-25.196235567458928
2022-06-01,Petróleo,2.204931356019681,73.04671497817846,92.12858518594221,-19.081870207763757
2022-06-01,Pesca,0.739459418879988,108.11781236850742,119.31098933884829,-11.193176970340872
2022-07-01,PBI,100,102.34296496837642,108.07425894875114,-5.731293980374716
2022-07-01,Manufactura,16.51803448933821,104.56883759402116,101.21264148205842,3.3561961119627455
2022-07-01,Otros Servicios,14.89,102.21592526967986,111.88930572391591,-9.673380454236053
2022-07-01,Minería,12.150090493066784,93.27950032455789,118.81083283793859,-25.531332513380704
2022-07-01,Comercio,10.177576612562678,100.76688371188432,106.00771051561435,-5.24082680373003
2022-07-01,Agro,5.966348966039294,108.04574303624025,110.42597701105169,-2.380233974811432
2022-07-01,Construcción,5.103959110771897,117.04541927739771,100.55300875349917,16.492410523898542
2022-07-01,Transporte,4.97,91.94136561796694,108.1383626911107,-16.196997073143763
2022-07-01,Servicios a Empresas,4.24,92.67184184044143,106.88164273661911,-14.209800896177683
2022-07-01,Servicios Financieros,3.22,114.92700652256349,112.72636016294202,2.200646359621473
2022-07-01,Alojamiento y Restaurantes,2.86,83.17278549990547,107.49638773671346,-24.323602236807986
2022-07-01,Petróleo,2.204931356019681,73.19452171914503,91.85922420377169,-18.66470248462666
2022-07-01,Pesca,0.739459418879988,110.44890432135217,120.06572131963354,-9.616816998281365
2022-08-01,PBI,100,102.5108520845877,108.36401883271245,-5.85316674812475
2022-08-01,Manufactura,16.51803448933821,104.62206374272888,101.25471796496872,3.367345777760164
2022-08-01,Otros Servicios,14.89,102.46536842116018,112.32358178830924,-9.858213367149062
2022-08-01,Minería,12.150090493066784,92.94234956463106,119.51909141298715,-26.576741848356093
2022-08-01,Comercio,10.177576612562678,100.9677329763353,106.22118946765715,-5.253456491321856
2022-08-01,Agro,5.966348966039294,108.51997388606843,110.80426211576533,-2.284288229696898
2022-08-01,Construcción,5.103959110771897,117.5112743377257,100.57213246958774,16.939141868137952
2022-08-01,Transporte,4.97,92.56008599301113,108.43051152507199,-15.870425532060864
2022-08-01,Servicios a Empresas,4.24,92.78113026222758,107.12720632111467,-14.346076058887093
2022-08-01,Servicios Financieros,3.22,114.04547653131954,113.19297291780572,0.852503613513818
2022-08-01,Alojamiento y Restaurantes,2.86,83.9024530571333,107.76467361415989,-23.86222055702659
2022-08-01,Petróleo,2.204931356019681,74.00174020169081,91.59065076586411,-17.588910564173304
2022-08-01,Pesca,0.739459418879988,110.42648249639547,120.82522754934566,-10.39874505295019
2022-09-01,PBI,100,102.69591415662234,108.65455559722952,-5.958641440607181
2022-09-01,Manufactura,16.51803448933821,104.66444463234119,101.29681194006568,3.3676326922755067
2022-09-01,Otros Servicios,14.89,102.73760633691764,112.7595434087875,-10.021937071869857
2022-09-01,Minería,12.150090493066784,92.93286174847978,120.23157207955002,-27.29871033107024
2022-09-01,Comercio,10.177576612562678,101.15130019894272,106.43509832487142,-5.283798125928698
2022-09-01,Agro,5.966348966039294,108.81605602382109,111.18384310777216,-2.3677870839510717
2022-09-01,Construcción,5.103959110771897,117.8648462478652,100.59125982272828,17.273586425136926
2022-09-01,Transporte,4.97,93.17216208357021,108.7234496343567,-15.551287550786483
2022-09-01,Servicios a Empresas,4.24,92.97527762876544,107.37333409486189,-14.398056466096449
2022-09-01,Servicios Financieros,3.22,113.32435286431522,113.66151714160613,-0.3371642772909098
2022-09-01,Alojamiento y Restaurantes,2.86,84.60603536736147,108.03362907049683,-23.427593703135358
2022-09-01,Petróleo,2.204931356019681,73.70366481547457,91.32286256963667,-17.6191977541621
2022-09-01,Pesca,0.739459418879988,110.59798513230479,121.58953822870949,-10.9915530964047
2022-10-01,PBI,100,102.89797570159183,108.94587132521107,-6.04789562361924
2022-10-01,Manufactura,16.51803448933821,104.62751914947394,101.33892341462118,3.2885957348527626
2022-10-01,Otros Servicios,14.89,102.92710355729173,113.1971971275011,-10.270093570209369
2022-10-01,Minería,12.150090493066784,93.30389509047797,120.94830000648128,-27.64440491600331
2022-10-01,Comercio,10.177576612562678,101.39492572163155,106.6494379530027,-5.254512231371152
2022-10-01,Agro,5.966348966039294,109.28982829994052,111.56472442637964,-2.274896126439117
2022-10-01,Construcción,5.103959110771897,118.34625364088829,100.61039081361247,17.735862827275824
2022-10-01,Transporte,4.97,93.9108415363061,109.01717915128731,-15.106337614981214
2022-10-01,Servicios a Empresas,4.24,93.1568795708115,107.62002735410148,-14.463147783289983
2022-10-01,Servicios Financieros,3.22,112.94586466693168,114.13200082935025,-1.1861361624185633
2022-10-01,Alojamiento y Restaurantes,2.86,85.36980280549729,108.30325577683683,-22.93345297133955
2022-10-01,Petróleo,2.204931356019681,72.05232096206923,91.05585731923873,-19.003536357169494
2022-10-01,Pesca,0.739459418879988,111.06673469419857,122.35868374949209,-11.291949055293514
2022-11-01,PBI,100,103.07973505837171,109.23796810515039,-6.158233046778676
2022-11-01,Manufactura,16.51803448933821,104.44459359506743,101.38105239591016,3.063541199157271
2022-11-01,Otros Servicios,14.89,103.16457316784651,113.63654951199244,-10.47197634414593
2022-11-01,Minería,12.150090493066784,93.87834590811202,121.66930051267235,-27.790954604560326
2022-11-01,Comercio,10.177576612562678,101.63940363182044,106.86420921954,-5.224805587719558
2022-11-01,Agro,5.966348966039294,109.54503262916755,111.94691052610288,-2.401877896935332
2022-11-01,Construcción,5.103959110771897,119.07261125013868,100.62952544293218,18.4430858072065
2022-11-01,Transporte,4.97,94.39962617189612,109.31170221394706,-14.912076042050941
2022-11-01,Servicios a Empresas,4.24,93.3132765515851,107.86728739805223,-14.554010846467122
2022-11-01,Servicios Financieros,3.22,112.0173214477906,114.60443200913917,-2.587110561348581
2022-11-01,Alojamiento y Restaurantes,2.86,85.97220429486747,108.57355540846316,-22.601351113595697
2022-11-01,Petróleo,2.204931356019681,72.04531096538913,90.78963272553216,-18.744321760143023
2022-11-01,Pesca,0.739459418879988,104.18338791756953,123.13269469571142,-18.94930677814189
2022-12-01,PBI,100,103.17848300760184,109.53084803114024,-6.352365023538397
2022-12-01,Manufactura,16.51803448933821,104.0016347576864,101.42319889121056,2.578435866475843
2022-12-01,Otros Servicios,14.89,103.35732982806051,114.07760715529459,-10.720277327234072
2022-12-01,Minería,12.150090493066784,94.816970621882,122.39459906794639,-27.57762844606438
2022-12-01,Comercio,10.177576612562678,101.8044732018699,107.07941299371934,-5.274939791849448
2022-12-01,Agro,5.966348966039294,109.57396096681906,112.33040587671677,-2.7564449098977093
2022-12-01,Construcción,5.103959110771897,119.47457428594113,100.64866371137937,18.82591057456176
2022-12-01,Transporte,4.97,94.57640240431026,109.60702096619552,-15.030618561885262
2022-12-01,Servicios a Empresas,4.24,93.46465777719295,108.11511552891801,-14.650457751725057
2022-12-01,Servicios Financieros,3.22,111.27198068861183,115.07881874230502,-3.806838053693184
2022-12-01,Alojamiento y Restaurantes,2.86,86.48861833237055,108.84452964484011,-22.35591131246956
2022-12-01,Petróleo,2.204931356019681,72.28131683623364,90.52418650607169,-18.242869669838043
2022-12-01,Pesca,0.739459418879988,104.10868126780603,123.91160184485244,-19.802920577046407
2023-01-01,PBI,100,103.10375421054144,109.82451320288793,-6.720758992346489
2023-01-01,Manufactura,16.51803448933821,104.02369750735774,101.46536290780344,2.5583345995543
2023-01-01,Otros Servicios,14.89,103.44949285535354,114.5203766760301,-11.070883820676556
2023-01-01,Minería,12.150090493066784,94.79582830556063,123.12422129395797,-28.32839298839734
2023-01-01,Comercio,10.177576612562678,101.89802127486516,107.29505014652712,-5.397028871661959
2023-01-01,Agro,5.966348966039294,109.75343520791192,112.7152149633083,-2.9617797553963783
2023-01-01,Construcción,5.103959110771897,118.55416395345908,100.66780561964619,17.886358333812893
2023-01-01,Transporte,4.97,94.32697162058248,109.90313755768409,-15.576165937101607
2023-01-01,Servicios a Empresas,4.24,93.50257961650354,108.36351305189449,-14.860933435390947
2023-01-01,Servicios Financieros,3.22,110.70164049094953,115.55516912354848,-4.853528632598952
2023-01-01,Alojamiento y Restaurantes,2.86,87.08622399033061,109.11618016962359,-22.02995617929298
2023-01-01,Petróleo,2.204931356019681,71.20564577897672,90.25951638508536,-19.053870606108646
2023-01-01,Pesca,0.739459418879988,106.57325675419523,124.6954361690909,-18.12217941489567
2023-02-01,PBI,100,103.05515690682454,110.11896572573028,-7.063808818905741
2023-02-01,Manufactura,16.51803448933821,103.90667452208476,101.50754445297272,2.399130069112033
2023-02-01,Otros Servicios,14.89,103.5636741440491,114.96486471851041,-11.40119057446131
2023-02-01,Minería,12.150090493066784,94.98382723176155,123.8581929650982,-28.874365733336646
2023-02-01,Comercio,10.177576612562678,102.08955519203752,107.51112155070375,-5.421566358666226
2023-02-01,Agro,5.966348966039294,109.7159093174381,113.10134228632893,-3.385432968890825
2023-02-01,Construcción,5.103959110771897,117.74346151052886,100.68695116842483,17.056510342104033
2023-02-01,Transporte,4.97,94.49186189919841,110.20005414387171,-15.708192244673299
2023-02-01,Servicios a Empresas,4.24,93.59716140580952,108.61248127517611,-15.015319869366593
2023-02-01,Servicios Financieros,3.22,110.00311844411357,116.03349128107705,-6.03037283696348
2023-02-01,Alojamiento y Restaurantes,2.86,87.34329975120157,109.38850867067156,-22.045208919469985
2023-02-01,Petróleo,2.204931356019681,68.98811596269546,89.995620093455,-21.007504130759543
2023-02-01,Pesca,0.739459418879988,106.64368375393536,125.48422883652486,-18.8405450825895
2023-03-01,PBI,100,103.07970778123878,110.41420771064881,-7.334499929410029
2023-03-01,Manufactura,16.51803448933821,103.89129097364666,101.54974353400551,2.341547439641147
2023-03-01,Otros Servicios,14.89,103.6725991133068,115.41107795283556,-11.738478839528753
2023-03-01,Minería,12.150090493066784,95.63150242296427,124.59654000940526,-28.965037586440985
2023-03-01,Comercio,10.177576612562678,102.30705975357697,107.72762808074722,-5.420568327170258
2023-03-01,Agro,5.966348966039294,109.60369397683782,113.48879236164731,-3.8850983848094955
2023-03-01,Construcción,5.103959110771897,116.55364601301832,100.7061003584077,15.847545654610627
2023-03-01,Transporte,4.97,94.6367717208195,110.49777288604064,-15.86100116522114
2023-03-01,Servicios a Empresas,4.24,93.68772656297142,108.86202150996289,-15.174294946991466
2023-03-01,Servicios Financieros,3.22,109.41705082181481,116.51379337674355,-7.096742554928738
2023-03-01,Alojamiento y Restaurantes,2.86,87.51186292820263,109.66151684005436,-22.14965391185173
2023-03-01,Petróleo,2.204931356019681,71.20066296370445,89.73249536869675,-18.5318324049923
2023-03-01,Pesca,0.739459418879988,107.57620840187825,126.27801121241417,-18.701802810535924
2023-04-01,PBI,100,103.11627168684137,110.7102412742848,-7.593969587443425
2023-04-01,Manufactura,16.51803448933821,103.5974798836734,101.59196015819188,2.00551972548152
2023-04-01,Otros Servicios,14.89,103.86773041577726,115.85902307499423,-11.991292659216967
2023-04-01,Minería,12.150090493066784,97.07822503673705,125.33928850948028,-28.26106347274323
2023-04-01,Comercio,10.177576612562678,102.55762161231556,107.9445706129166,-5.386949000601049
2023-04-01,Agro,5.966348966039294,108.36757400451407,113.87756972060201,-5.509995716087943
2023-04-01,Construcción,5.103959110771897,116.09274214107744,100.72525319028726,15.367488950790175
2023-04-01,Transporte,4.97,94.8623864082825,110.79629595131199,-15.933909543029486
2023-04-01,Servicios a Empresas,4.24,93.79349852362888,109.11213507046733,-15.318636546838448
2023-04-01,Servicios Financieros,3.22,108.72000816309428,116.9960836061855,-8.276075443091216
2023-04-01,Alojamiento y Restaurantes,2.86,88.10823640110854,109.93520637406549,-21.826969972956945
2023-04-01,Petróleo,2.204931356019681,71.29973161052632,89.47013995494171,-18.170408344415392
2023-04-01,Pesca,0.739459418879988,107.1084572526571,127.07681486042762,-19.968357607770514
2023-05-01,PBI,100,103.00076121203772,111.00706853895453,-8.006307326916811
2023-05-01,Manufactura,16.51803448933821,102.21838975377327,101.63419433282488,0.5841954209483902
2023-05-01,Otros Servicios,14.89,104.01112272796485,116.30870680696421,-12.297584078999364
2023-05-01,Minería,12.150090493066784,98.59864817795166,126.08646470340878,-27.48781652545712
2023-05-01,Comercio,10.177576612562678,102.82473945492798,108.16195002523547,-5.337210570307491
2023-05-01,Agro,5.966348966039294,107.78305951543902,114.2676789100546,-6.484619394615578
2023-05-01,Construcción,5.103959110771897,115.11159311214823,100.74440966475622,14.367183447392009
2023-05-01,Transporte,4.97,95.0270829028535,111.09562551266173,-16.068542609808233
2023-05-01,Servicios a Empresas,4.24,93.90518413327578,109.36282327392148,-15.457639140645696
2023-05-01,Servicios Financieros,3.22,107.74288195747901,117.480370198965,-9.737488241485991
2023-05-01,Alojamiento y Restaurantes,2.86,88.36295443518112,110.20957897323187,-21.846624538050747
2023-05-01,Petróleo,2.204931356019681,70.73211431355196,89.2085516029166,-18.47643728936464
2023-05-01,Pesca,0.739459418879988,95.8439016121715,127.88067154389793,-32.036769931726425
2023-06-01,PBI,100,102.95244377170467,111.30469163266446,-8.352247860959793
2023-06-01,Manufactura,16.51803448933821,100.8923578019051,101.6764460652007,-0.7840882632955868
2023-06-01,Otros Servicios,14.89,104.2318612490189,116.76013589681338,-12.528274647794476
2023-06-01,Minería,12.150090493066784,100.06957885743546,126.8380949856875,-26.768516128252045
2023-06-01,Comercio,10.177576612562678,103.08595145620023,108.37976719749571,-5.293815741295475
2023-06-01,Agro,5.966348966039294,107.61489536776143,114.65912449244277,-7.044229124681337
2023-06-01,Construcción,5.103959110771897,114.72638827757142,100.76356978250726,13.962818495064155
2023-06-01,Transporte,4.97,95.19139765271466,111.39576374893623,-16.204366096221577
2023-06-01,Servicios a Empresas,4.24,94.00588870535589,109.61408744058365,-15.60819873522776
2023-06-01,Servicios Financieros,3.22,106.87960935507306,117.96666141870908,-11.087052063636023
2023-06-01,Alojamiento y Restaurantes,2.86,88.52074194727936,110.48463634232462,-21.96389439504526
2023-06-01,Petróleo,2.204931356019681,70.06982497146652,88.94772806992438,-18.877903098457864
2023-06-01,Pesca,0.739459418879988,86.0372772971755,128.6896132270849,-42.652335929909384
2023-07-01,PBI,100,102.84137055903795,111.60311268912642,-8.761742130088464
2023-07-01,Manufactura,16.51803448933821,99.72116223121226,101.7187153626185,-1.9975531314062351
2023-07-01,Otros Servicios,14.89,104.38476593064307,117.21331711880087,-12.828551188157803
2023-07-01,Minería,12.150090493066784,101.08883153037391,127.5942059081568,-26.505374377782886
2023-07-01,Comercio,10.177576612562678,103.35626705210528,108.59802301126085,-5.241755959155569
2023-07-01,Agro,5.966348966039294,107.54839114979093,115.05191104583372,-7.503519896042789
2023-07-01,Construcción,5.103959110771897,113.86885965603766,100.78273354423332,13.086126111804333
2023-07-01,Transporte,4.97,95.26877578228637,111.69671284486844,-16.427937062582075
2023-07-01,Servicios a Empresas,4.24,94.1010689915382,109.86592889374556,-15.764859902207363
2023-07-01,Servicios Financieros,3.22,105.94597373565415,118.45496556325071,-12.50899182759656
2023-07-01,Alojamiento y Restaurantes,2.86,88.59703874924514,110.76038019036952,-22.163341441124373
2023-07-01,Petróleo,2.204931356019681,69.63665866901813,88.68766711982519,-19.05100845080706
2023-07-01,Pesca,0.739459418879988,81.9251933131243,129.5036720764464,-47.57847876332211
