fecha,Sector,Valor,Retroceso
1922-01-01,PBI,14122.032221996502,
1922-01-01,Agropecuario,2518.769686045288,
1922-01-01,Pesca,,
1922-01-01,Minería e Hidrocarburos,1650.2750964354473,
1922-01-01,Manufactura,1773.6227519834322,
1922-01-01,Electricidad y Agua,18.73434359053657,
1922-01-01,Construcción,592.417893540216,
1922-01-01,Comercio,1986.5460851227137,
1922-01-01,Servicios,5581.666365278868,
1923-01-01,PBI,14756.217373400965,0.04490749924905679
1923-01-01,Agropecuario,2521.8940124322403,0.0012404176548026502
1923-01-01,Pesca,,
1923-01-01,Minería e Hidrocarburos,1857.7908078287612,0.12574613277600966
1923-01-01,Manufactura,1853.3008535229715,0.04492392841174131
1923-01-01,Electricidad y Agua,19.713854955930106,0.052284263959390787
1923-01-01,Construcción,659.5570451327252,0.11333072873827943
1923-01-01,Comercio,2036.68738366192,0.02524044063951769
1923-01-01,Servicios,5807.273415866417,0.040419300585744944
1924-01-01,PBI,16069.798806184495,0.08901884538183524
1924-01-01,Agropecuario,2625.0626214971808,0.04090917721218568
1924-01-01,Pesca,,
1924-01-01,Minería e Hidrocarburos,2218.648314520937,0.19424011851685163
1924-01-01,Manufactura,1930.0318833848544,0.04140236039713874
1924-01-01,Electricidad y Agua,20.693366321323644,0.04968644476603967
1924-01-01,Construcción,729.3335234638314,0.10579293913396803
1924-01-01,Comercio,2181.6249045086283,0.07116336164763482
1924-01-01,Servicios,6364.404192487739,0.09593672223166738
1925-01-01,PBI,16575.19947302733,0.03145034190772367
1925-01-01,Agropecuario,2555.262057656876,-0.02659005665948444
1925-01-01,Pesca,,
1925-01-01,Minería e Hidrocarburos,2456.2732265474533,0.10710346045890806
1925-01-01,Manufactura,2004.8124876273428,0.03874578699256492
1925-01-01,Electricidad y Agua,21.672877686717175,0.047334558823529216
1925-01-01,Construcción,736.2283360922195,0.009453579749964636
1925-01-01,Comercio,2186.5479806040444,0.002256609779821339
1925-01-01,Servicios,6614.402506812675,0.03928070982984111
1926-01-01,PBI,18130.193094188908,0.09381447406964871
1926-01-01,Agropecuario,2752.1784142291644,0.07706307694830206
1926-01-01,Pesca,,
1926-01-01,Minería e Hidrocarburos,2914.086365709636,0.18638526618868312
1926-01-01,Manufactura,2134.9015897912254,0.06488841373780585
1926-01-01,Electricidad y Agua,22.823565795577544,0.05309346204475651
1926-01-01,Construcción,819.9467102770183,0.11371251292657703
1926-01-01,Comercio,2314.1081231327635,0.05833859748802772
1926-01-01,Servicios,7172.14832525352,0.08432293285242021
1927-01-01,PBI,18686.58037727764,0.030688436697735355
1927-01-01,Agropecuario,2825.5222754278525,0.02664938465453015
1927-01-01,Pesca,,
1927-01-01,Minería e Hidrocarburos,2833.9316149351603,-0.027505962663861072
1927-01-01,Manufactura,2272.3422962128247,0.06437800556185813
1927-01-01,Electricidad y Agua,23.784057522808098,0.04208333333333325
1927-01-01,Construcción,949.5289882531257,0.15803743871638698
1927-01-01,Comercio,2378.617396107181,0.027876516369117033
1927-01-01,Servicios,7402.85374881869,0.03216685058685198
1928-01-01,PBI,19690.29076413013,0.0537128980577406
1928-01-01,Agropecuario,2867.9281230362008,0.015008144857724393
1928-01-01,Pesca,,
1928-01-01,Minería e Hidrocarburos,3143.1235797829167,0.10910353772062731
1928-01-01,Manufactura,2413.662420624648,0.06219138931988932
1928-01-01,Electricidad y Agua,24.953765269831447,0.049180327868852514
1928-01-01,Construcción,918.6850561416799,-0.032483402290003016
1928-01-01,Comercio,2439.0601156297416,0.025410862470559792
1928-01-01,Servicios,7882.877703645115,0.06484309579978187
1929-01-01,PBI,22169.336100526256,0.1259019161317927
1929-01-01,Agropecuario,3170.4371350081337,0.10547998380505952
1929-01-01,Pesca,1.1264306271333908,
1929-01-01,Minería e Hidrocarburos,3676.2140753445124,0.16960532477644863
1929-01-01,Manufactura,2692.8090499322357,0.11565272215463573
1929-01-01,Electricidad y Agua,26.24710066491417,0.05182926829268286
1929-01-01,Construcción,1097.846640473863,0.1950195914632935
1929-01-01,Comercio,2706.2720311597773,0.10955528066639886
1929-01-01,Servicios,8798.383637315686,0.11613854331993934
1930-01-01,PBI,20064.62683561067,-0.09493785719932424
1930-01-01,Agropecuario,3000.915494667802,-0.053469484844365756
1930-01-01,Pesca,1.144501706713071,0.016042780748663166
1930-01-01,Minería e Hidrocarburos,3364.348253223284,-0.08483342257265103
1930-01-01,Manufactura,2235.1663265772277,-0.16994993513057477
1930-01-01,Electricidad y Agua,24.459254677593933,-0.06811594202898541
1930-01-01,Construcción,538.4410123451862,-0.5095480620929176
1930-01-01,Comercio,2359.017688768063,-0.12831464774917611
1930-01-01,Servicios,8541.1343036448,-0.029238249237034997
1931-01-01,PBI,18739.210790048393,-0.06605734840829092
1931-01-01,Agropecuario,2839.767288456486,-0.0536996814797529
1931-01-01,Pesca,1.162572786292751,0.015789473684210575
1931-01-01,Minería e Hidrocarburos,2690.1529964645474,-0.20039401572438575
1931-01-01,Manufactura,2284.7092806346977,0.02216522030972823
1931-01-01,Electricidad y Agua,22.604839956703255,-0.07581648522550555
1931-01-01,Construcción,372.8558744340956,-0.3075269790276238
1931-01-01,Comercio,2157.950927297442,-0.08523325722734332
1931-01-01,Servicios,8370.00701001813,-0.020035663594897946
1932-01-01,PBI,18130.0703142981,-0.03250619690311518
1932-01-01,Agropecuario,2942.8700592259156,0.03630676752582418
1932-01-01,Pesca,1.1806438658724312,0.015544041450777257
1932-01-01,Minería e Hidrocarburos,2271.1848196466185,-0.15574139365625128
1932-01-01,Manufactura,2106.824034171374,-0.0778590291426079
1932-01-01,Electricidad y Agua,19.96111025204886,-0.11695414387883862
1932-01-01,Construcción,254.61471051634373,-0.3171229743857815
1932-01-01,Comercio,2095.5791027218183,-0.02890326364081708
1932-01-01,Servicios,8437.855833898107,0.008106184833390095
1933-01-01,PBI,20080.89825020385,0.10760178543638887
1933-01-01,Agropecuario,3153.8458845394903,0.07169049977322794
1933-01-01,Pesca,1.1987149454521113,0.015306122448979664
1933-01-01,Minería e Hidrocarburos,2916.6731266549837,0.2842077410101742
1933-01-01,Manufactura,2423.0394668717345,0.15009105059157424
1933-01-01,Electricidad y Agua,21.11179836090923,0.05764649833253932
1933-01-01,Construcción,319.1530803135157,0.25347463100734413
1933-01-01,Comercio,2285.8660251559245,0.09080397976242183
1933-01-01,Servicios,8960.010153361838,0.06188234662247205
1934-01-01,PBI,22631.99190315455,0.12704081367101216
1934-01-01,Agropecuario,3423.693116638628,0.08556132480092304
1934-01-01,Pesca,1.2167860250317915,0.015075376884422065
1934-01-01,Minería e Hidrocarburos,3573.422988890057,0.22517088261730356
1934-01-01,Manufactura,2806.5553000654786,0.15827882229623036
1934-01-01,Electricidad y Agua,25.086902736972316,0.18828828828828814
1934-01-01,Construcción,463.5421511338026,0.452413213992634
1934-01-01,Comercio,2634.2315320582024,0.15239979205627985
1934-01-01,Servicios,9704.24312560638,0.08306162152788432
1935-01-01,PBI,24635.449617648446,0.08852326048307946
1935-01-01,Agropecuario,3679.020011927905,0.07457645489557096
1935-01-01,Pesca,1.2378689512080847,0.01732673267326712
1935-01-01,Minería e Hidrocarburos,3992.7482606533035,0.11734554601203073
1935-01-01,Manufactura,3089.1526823919953,0.1006918988269796
1935-01-01,Electricidad y Agua,29.68965517241379,0.1834723275208492
1935-01-01,Construcción,633.366502463054,0.3663622626634253
1935-01-01,Comercio,2865.376899516177,0.08774679243072225
1935-01-01,Servicios,10344.857736572389,0.0660138665812724
1936-01-01,PBI,25821.486376754598,0.048143499611896345
1936-01-01,Agropecuario,3744.774513244112,0.017872830564395148
1936-01-01,Pesca,1.2559400307877648,0.014598540145985384
1936-01-01,Minería e Hidrocarburos,4310.040184016791,0.07946704942313865
1936-01-01,Manufactura,3099.0441266046378,0.003201992659353836
1936-01-01,Electricidad y Agua,33.541131900417504,0.1297245355541321
1936-01-01,Construcción,749.2505175405355,0.18296517833960024
1936-01-01,Comercio,2963.884719945772,0.03437866077800367
1936-01-01,Servicios,10919.695243471546,0.055567463713582343
1937-01-01,PBI,26321.88568385238,0.019379182894299074
1937-01-01,Agropecuario,3643.20996446979,-0.02712167272425059
1937-01-01,Pesca,1.2770229569640583,0.016786570743405393
1937-01-01,Minería e Hidrocarburos,4320.718193845054,0.0024774733813066607
1937-01-01,Manufactura,3120.0808600709615,0.006788136150023716
1937-01-01,Electricidad y Agua,38.09633524045152,0.13580946980436637
1937-01-01,Construcción,860.6577770686661,0.14869160170063322
1937-01-01,Comercio,2971.176737046349,0.002460290392370723
1937-01-01,Servicios,11366.668793154144,0.040932786100402074
1938-01-01,PBI,26849.897114113763,0.02005978738010028
1938-01-01,Agropecuario,3722.1261395885026,0.0216611658093655
1938-01-01,Pesca,1.2981058831403518,0.01650943396226423
1938-01-01,Minería e Hidrocarburos,4322.921730946646,5.099932471250845e-4
1938-01-01,Manufactura,3122.706433020146,8.415079823043126e-4
1938-01-01,Electricidad y Agua,42.10947889284057,0.10534198701947073
1938-01-01,Construcción,839.2241678466721,-0.024903753609239576
1938-01-01,Comercio,3007.9454793577243,0.012375144787895476
1938-01-01,Servicios,11791.565578578091,0.037380941871012485
1939-01-01,PBI,27069.60817490917,0.008182938648205074
1939-01-01,Agropecuario,3819.0161693815785,0.02603082919800981
1939-01-01,Pesca,1.319188809316645,0.016241299303944245
1939-01-01,Minería e Hidrocarburos,3861.7989313156695,-0.1066692455544409
1939-01-01,Manufactura,3404.1249866755998,0.09012008003047467
1939-01-01,Electricidad y Agua,44.857816607391364,0.06526648599819329
1939-01-01,Construcción,890.3383618196683,0.06090648474071925
1939-01-01,Comercio,3020.8319011121835,0.004284127436116503
1939-01-01,Servicios,12027.320819187764,0.019993548697042618
1940-01-01,PBI,27737.782944907693,0.0246835774526597
1940-01-01,Agropecuario,3988.4360596288498,0.044362181968636616
1940-01-01,Pesca,1.7438591794391265,0.32191780821917804
1940-01-01,Minería e Hidrocarburos,3785.9206102521866,-0.01964843908577918
1940-01-01,Manufactura,3581.870917023253,0.0522148660943369
1940-01-01,Electricidad y Agua,48.35743002937992,0.07801568793724822
1940-01-01,Construcción,743.8296842903012,-0.16455393119300565
1940-01-01,Comercio,3142.5121314391677,0.04028037120575467
1940-01-01,Servicios,12445.112253065116,0.03473686618642691
1941-01-01,PBI,27973.74759525649,0.008506975875377742
1941-01-01,Agropecuario,3816.4724170550367,-0.04311555707622783
1941-01-01,Pesca,3.234723244762732,0.854922279792746
1941-01-01,Minería e Hidrocarburos,3585.5119592339647,-0.0529352492166687
1941-01-01,Manufactura,3781.6502268954905,0.0557751282780079
1941-01-01,Electricidad y Agua,55.48979434049791,0.14749262536873164
1941-01-01,Construcción,849.8222013920742,0.14249568058432893
1941-01-01,Comercio,3094.0375796658072,-0.015425414364641066
1941-01-01,Servicios,12787.528693428856,0.027514130318865293
1942-01-01,PBI,27684.45224713329,-0.010341672925234247
1942-01-01,Agropecuario,3636.703943813435,-0.04710330734692403
1942-01-01,Pesca,5.7375677665484215,0.7737430167597765
1942-01-01,Minería e Hidrocarburos,3818.085284229166,0.06486474669154085
1942-01-01,Manufactura,3369.5853066134705,-0.10896431334430967
1942-01-01,Electricidad y Agua,60.91990103602906,0.09785775492716353
1942-01-01,Construcción,873.3815081470253,0.02772263035298339
1942-01-01,Comercio,2841.255369932681,-0.08169978651662979
1942-01-01,Servicios,13078.78336559493,0.022776462845064183
1943-01-01,PBI,28168.812837124806,0.017495762085799393
1943-01-01,Agropecuario,3398.381284664639,-0.06553259842727033
1943-01-01,Pesca,7.279633224014454,0.26876640419947506
1943-01-01,Minería e Hidrocarburos,3969.084188301435,0.03954833190761331
1943-01-01,Manufactura,3290.9574342536052,-0.023334584290103155
1943-01-01,Electricidad y Agua,66.43559610329363,0.0905401186387762
1943-01-01,Construcción,958.4094094653078,0.09735482206244384
1943-01-01,Comercio,2783.7603229312,-0.020235789999701215
1943-01-01,Servicios,13694.50496818131,0.04707789596133982
1944-01-01,PBI,30437.80266660492,0.08054971441642444
1944-01-01,Agropecuario,3685.3943559932395,0.08445581801658353
1944-01-01,Pesca,8.243424134930725,0.13239553165080697
1944-01-01,Minería e Hidrocarburos,3965.112595738884,-0.0010006319780913042
1944-01-01,Manufactura,3982.8655644215687,0.21024523835109687
1944-01-01,Electricidad y Agua,74.18609865470852,0.11666189521900949
1944-01-01,Construcción,1149.192285754173,0.19906198165907218
1944-01-01,Comercio,3152.991030087404,0.13263739127060248
1944-01-01,Servicios,14419.817311820008,0.05296375044763835
1945-01-01,PBI,31481.384513299043,0.034285715632130565
1945-01-01,Agropecuario,3834.8652427008315,0.04055763705843862
1945-01-01,Pesca,23.23037279967873,1.8180489587139204
1945-01-01,Minería e Hidrocarburos,3818.5817332994857,-0.03695503189414295
1945-01-01,Manufactura,3845.4570078728166,-0.03449992331556584
1945-01-01,Electricidad y Agua,79.24532240606155,0.06819638507883607
1945-01-01,Construcción,1344.695550547456,0.17012232610400901
1945-01-01,Comercio,3275.2962904515803,0.03879023416085836
1945-01-01,Servicios,15260.012993221131,0.05826673550936112
1946-01-01,PBI,32744.797272139458,0.04013205830597122
1946-01-01,Agropecuario,3924.040221319996,0.02325374504068889
1946-01-01,Pesca,22.061776320192752,-0.05030468040969793
1946-01-01,Minería e Hidrocarburos,3371.4466039655663,-0.11709455514196043
1946-01-01,Manufactura,4103.095372245656,0.06699811331796868
1946-01-01,Electricidad y Agua,85.6834699242307,0.08124324972998909
1946-01-01,Construcción,1255.6598871183262,-0.06621250690751623
1946-01-01,Comercio,3619.039661646719,0.10495031310518343
1946-01-01,Servicios,16363.770279598772,0.07233003581765995
1947-01-01,PBI,33877.48414340329,0.03459135391342216
1947-01-01,Agropecuario,3901.6611861460206,-0.005703059579355574
1947-01-01,Pesca,23.790576266648813,0.07836177474402728
1947-01-01,Minería e Hidrocarburos,3404.8828843331867,0.009917487741995412
1947-01-01,Manufactura,4553.62225707716,0.10980170918740462
1947-01-01,Electricidad y Agua,94.57515076542447,0.10377358490566047
1947-01-01,Construcción,1334.3289683093674,0.06265158423717954
1947-01-01,Comercio,3601.28417873833,-0.004906131064700836
1947-01-01,Servicios,16963.338941767157,0.03664000727973349
1948-01-01,PBI,35149.549689375424,0.03754899686728441
1948-01-01,Agropecuario,4049.755453947483,0.03795672169775122
1948-01-01,Pesca,26.191018004149647,0.10089884795543735
1948-01-01,Minería e Hidrocarburos,3491.6830849436865,0.02549285939022794
1948-01-01,Manufactura,4767.183145776546,0.04689912264186469
1948-01-01,Electricidad y Agua,103.77114581722593,0.09723479135243851
1948-01-01,Construcción,1330.55874832971,-0.0028255550686532294
1948-01-01,Comercio,3647.8450582990517,0.012928965682745375
1948-01-01,Servicios,17732.56203425757,0.045346207791464366
1949-01-01,PBI,37881.208916229574,0.07771534062297936
1949-01-01,Agropecuario,4327.299781321756,0.0685336017274174
1949-01-01,Pesca,35.79880864734622,0.3668353265869366
1949-01-01,Minería e Hidrocarburos,3901.1926005271184,0.11728141003095538
1949-01-01,Manufactura,5301.921264219038,0.11217066810538623
1949-01-01,Electricidad y Agua,113.70890675738364,0.09576612903225801
1949-01-01,Construcción,1331.7403681617836,8.88062878513951e-4
1949-01-01,Comercio,3908.876121239074,0.07155760696199587
1949-01-01,Servicios,18960.671065356073,0.06925728096853212
1950-01-01,PBI,40920,0.08021895738571594
1950-01-01,Agropecuario,4486,0.03667419099625446
1950-01-01,Pesca,45,0.25702507151270426
1950-01-01,Minería e Hidrocarburos,4220,0.0817204973242811
1950-01-01,Manufactura,5630,0.06187921687842857
1950-01-01,Electricidad y Agua,123,0.08170945889437142
1950-01-01,Construcción,1527,0.14661989416731092
1950-01-01,Comercio,4303,0.10082792765404713
1950-01-01,Servicios,20586,0.0857210659391503
1951-01-01,PBI,44711,0.09264418377321593
1951-01-01,Agropecuario,4621,0.030093624609897507
1951-01-01,Pesca,47,0.04444444444444451
1951-01-01,Minería e Hidrocarburos,4553,0.07890995260663503
1951-01-01,Manufactura,6192,0.09982238010657185
1951-01-01,Electricidad y Agua,127,0.03252032520325199
1951-01-01,Construcción,1794,0.1748526522593321
1951-01-01,Comercio,4575,0.06321171275854054
1951-01-01,Servicios,22802,0.10764597299135326
1952-01-01,PBI,47347,0.05895640893739795
1952-01-01,Agropecuario,4755,0.028998052369616945
1952-01-01,Pesca,51,0.0851063829787233
1952-01-01,Minería e Hidrocarburos,4704,0.03316494618932575
1952-01-01,Manufactura,6525,0.053779069767441845
1952-01-01,Electricidad y Agua,132,0.03937007874015741
1952-01-01,Construcción,2216,0.23522853957636558
1952-01-01,Comercio,4764,0.04131147540983604
1952-01-01,Servicios,24200,0.06131041136742388
1953-01-01,PBI,50085,0.057828373497792906
1953-01-01,Agropecuario,4865,0.023133543638275578
1953-01-01,Pesca,44,-0.13725490196078427
1953-01-01,Minería e Hidrocarburos,4431,-0.0580357142857143
1953-01-01,Manufactura,7370,0.1295019157088122
1953-01-01,Electricidad y Agua,166,0.25757575757575757
1953-01-01,Construcción,2336,0.054151624548736566
1953-01-01,Comercio,5123,0.07535684298908474
1953-01-01,Servicios,25750,0.06404958677685957
1954-01-01,PBI,52762,0.05344913646800431
1954-01-01,Agropecuario,4962,0.019938335046248756
1954-01-01,Pesca,58,0.3181818181818181
1954-01-01,Minería e Hidrocarburos,5920,0.33604152561498535
1954-01-01,Manufactura,8067,0.09457259158751685
1954-01-01,Electricidad y Agua,169,0.01807228915662651
1954-01-01,Construcción,2623,0.12285958904109595
1954-01-01,Comercio,5430,0.059925824712082854
1954-01-01,Servicios,25533,-0.008427184466019422
1955-01-01,PBI,55858,0.05867859444297041
1955-01-01,Agropecuario,4922,-0.00806126561870213
1955-01-01,Pesca,68,0.17241379310344818
1955-01-01,Minería e Hidrocarburos,5961,0.006925675675675702
1955-01-01,Manufactura,8673,0.07512086277426544
1955-01-01,Electricidad y Agua,184,0.08875739644970415
1955-01-01,Construcción,2778,0.05909264201296227
1955-01-01,Comercio,5634,0.037569060773480656
1955-01-01,Servicios,27638,0.08244232953432817
1956-01-01,PBI,58484,0.047012066311002965
1956-01-01,Agropecuario,4686,-0.04794798862251115
1956-01-01,Pesca,85,0.25
1956-01-01,Minería e Hidrocarburos,6593,0.10602247944975685
1956-01-01,Manufactura,8939,0.030669895076674836
1956-01-01,Electricidad y Agua,196,0.0652173913043479
1956-01-01,Construcción,3111,0.11987041036717061
1956-01-01,Comercio,5619,-0.0026624068157614644
1956-01-01,Servicios,29255,0.058506404226065456
1957-01-01,PBI,62371,0.06646262225565969
1957-01-01,Agropecuario,4705,0.0040546308151943045
1957-01-01,Pesca,95,0.11764705882352944
1957-01-01,Minería e Hidrocarburos,7226,0.09601092067344164
1957-01-01,Manufactura,9853,0.10224857366595819
1957-01-01,Electricidad y Agua,221,0.12755102040816335
1957-01-01,Construcción,3195,0.027000964320154308
1957-01-01,Comercio,5965,0.061576793023669696
1957-01-01,Servicios,31111,0.06344214664159975
1958-01-01,PBI,61706,-0.010662006381170763
1958-01-01,Agropecuario,5030,0.06907545164718387
1958-01-01,Pesca,142,0.49473684210526314
1958-01-01,Minería e Hidrocarburos,6546,-0.09410462219761973
1958-01-01,Manufactura,9589,-0.026793869887344002
1958-01-01,Electricidad y Agua,250,0.13122171945701355
1958-01-01,Construcción,2901,-0.09201877934272296
1958-01-01,Comercio,6048,0.01391450125733451
1958-01-01,Servicios,31200,0.002860724502587564
1959-01-01,PBI,63653,0.03155284737302688
1959-01-01,Agropecuario,5276,0.04890656063618293
1959-01-01,Pesca,229,0.6126760563380282
1959-01-01,Minería e Hidrocarburos,6690,0.021998166819431786
1959-01-01,Manufactura,10486,0.09354468662008553
1959-01-01,Electricidad y Agua,252,0.008000000000000007
1959-01-01,Construcción,2556,-0.11892450879007244
1959-01-01,Comercio,6529,0.07953042328042326
1959-01-01,Servicios,31635,0.013942307692307754
1960-01-01,PBI,69946,0.09886415408543203
1960-01-01,Agropecuario,5614,0.06406368460955258
1960-01-01,Pesca,312,0.36244541484716164
1960-01-01,Minería e Hidrocarburos,10002,0.4950672645739911
1960-01-01,Manufactura,12162,0.1598321571619301
1960-01-01,Electricidad y Agua,289,0.14682539682539675
1960-01-01,Construcción,2453,-0.04029733959311421
1960-01-01,Comercio,7337,0.12375555215193756
1960-01-01,Servicios,31777,0.004488699225541293
1961-01-01,PBI,75085,0.07347096331455694
1961-01-01,Agropecuario,5782,0.029925187032418865
1961-01-01,Pesca,440,0.41025641025641035
1961-01-01,Minería e Hidrocarburos,10932,0.09298140371925623
1961-01-01,Manufactura,13108,0.07778325933234664
1961-01-01,Electricidad y Agua,359,0.24221453287197225
1961-01-01,Construcción,3015,0.2291072156543008
1961-01-01,Comercio,7811,0.06460406160556076
1961-01-01,Servicios,33638,0.05856437045661966
1962-01-01,PBI,82620,0.10035293334221218
1962-01-01,Agropecuario,5921,0.024040124524385975
1962-01-01,Pesca,567,0.2886363636363636
1962-01-01,Minería e Hidrocarburos,10396,-0.04903036955726303
1962-01-01,Manufactura,14185,0.08216356423558135
1962-01-01,Electricidad y Agua,374,0.04178272980501396
1962-01-01,Construcción,3289,0.09087893864013274
1962-01-01,Comercio,8318,0.06490846242478554
1962-01-01,Servicios,39570,0.17634817765622213
1963-01-01,PBI,86196,0.04328249818445906
1963-01-01,Agropecuario,6010,0.015031244722175208
1963-01-01,Pesca,591,0.042328042328042326
1963-01-01,Minería e Hidrocarburos,11062,0.06406310119276637
1963-01-01,Manufactura,14985,0.056397603101868254
1963-01-01,Electricidad y Agua,398,0.06417112299465244
1963-01-01,Construcción,2842,-0.13590757069017934
1963-01-01,Comercio,8662,0.0413560952151959
1963-01-01,Servicios,41646,0.05246398786959827
1964-01-01,PBI,91840,0.06547867650471018
1964-01-01,Agropecuario,6305,0.04908485856905154
1964-01-01,Pesca,762,0.28934010152284273
1964-01-01,Minería e Hidrocarburos,11615,0.049990960043391874
1964-01-01,Manufactura,16037,0.07020353687020364
1964-01-01,Electricidad y Agua,425,0.0678391959798994
1964-01-01,Construcción,3143,0.10591133004926112
1964-01-01,Comercio,9253,0.06822904640960514
1964-01-01,Servicios,44300,0.06372760889401152
1965-01-01,PBI,97003,0.05621733449477362
1965-01-01,Agropecuario,6431,0.019984139571768367
1965-01-01,Pesca,630,-0.17322834645669294
1965-01-01,Minería e Hidrocarburos,11789,0.014980628497632376
1965-01-01,Manufactura,17092,0.06578537132880213
1965-01-01,Electricidad y Agua,460,0.08235294117647052
1965-01-01,Construcción,3552,0.130130448615972
1965-01-01,Comercio,9652,0.04312114989733051
1965-01-01,Servicios,47397,0.06990970654627549
1966-01-01,PBI,104995,0.08238920445759401
1966-01-01,Agropecuario,6778,0.053957393873425685
1966-01-01,Pesca,744,0.18095238095238098
1966-01-01,Minería e Hidrocarburos,12944,0.09797268640257872
1966-01-01,Manufactura,18415,0.07740463374678219
1966-01-01,Electricidad y Agua,501,0.08913043478260874
1966-01-01,Construcción,3868,0.08896396396396389
1966-01-01,Comercio,10348,0.07210940737670946
1966-01-01,Servicios,51397,0.08439352701647773
1967-01-01,PBI,109040,0.03852564407828951
1967-01-01,Agropecuario,7042,0.038949542637946255
1967-01-01,Pesca,849,0.1411290322580645
1967-01-01,Minería e Hidrocarburos,13100,0.012051915945611835
1967-01-01,Manufactura,19141,0.03942438229704037
1967-01-01,Electricidad y Agua,548,0.09381237524950103
1967-01-01,Construcción,3845,-0.005946225439503627
1967-01-01,Comercio,10782,0.041940471588712835
1967-01-01,Servicios,53733,0.0454501235480671
1968-01-01,PBI,109206,0.0015223771093175742
1968-01-01,Agropecuario,6803,-0.033939221811985276
1968-01-01,Pesca,864,0.0176678445229681
1968-01-01,Minería e Hidrocarburos,13912,0.0619847328244274
1968-01-01,Manufactura,19505,0.019016770283684314
1968-01-01,Electricidad y Agua,579,0.0565693430656935
1968-01-01,Construcción,3291,-0.14408322496749026
1968-01-01,Comercio,10800,0.0016694490818029983
1968-01-01,Servicios,53452,-0.00522956097742544
1969-01-01,PBI,113044,0.035144589125139625
1969-01-01,Agropecuario,7252,0.06600029398794649
1969-01-01,Pesca,776,-0.10185185185185186
1969-01-01,Minería e Hidrocarburos,13815,-0.00697239792984472
1969-01-01,Manufactura,19725,0.01127915918995126
1969-01-01,Electricidad y Agua,608,0.050086355785837755
1969-01-01,Construcción,3512,0.06715284108173813
1969-01-01,Comercio,11072,0.0251851851851852
1969-01-01,Servicios,56284,0.05298211479458215
1970-01-01,PBI,116849,0.03365946003326137
1970-01-01,Agropecuario,7818,0.07804743519029222
1970-01-01,Pesca,1031,0.32860824742268036
1970-01-01,Minería e Hidrocarburos,14796,0.07100977198697067
1970-01-01,Manufactura,21423,0.0860836501901141
1970-01-01,Electricidad y Agua,636,0.046052631578947345
1970-01-01,Construcción,3989,0.13582004555808647
1970-01-01,Comercio,12065,0.0896856936416186
1970-01-01,Servicios,55091,-0.02119607703787929
1971-01-01,PBI,122213,0.04590539927598858
1971-01-01,Agropecuario,7975,0.02008186236889231
1971-01-01,Pesca,711,-0.31037827352085356
1971-01-01,Minería e Hidrocarburos,13897,-0.06075966477426331
1971-01-01,Manufactura,22642,0.056901461046538815
1971-01-01,Electricidad y Agua,705,0.10849056603773577
1971-01-01,Construcción,4357,0.0922536976685886
1971-01-01,Comercio,13296,0.10203066721922927
1971-01-01,Servicios,58630,0.06423916792216522
1972-01-01,PBI,126463,0.03477535123104736
1972-01-01,Agropecuario,7784,-0.02394984326018812
1972-01-01,Pesca,378,-0.4683544303797469
1972-01-01,Minería e Hidrocarburos,14767,0.06260343959127868
1972-01-01,Manufactura,23111,0.02071371786944609
1972-01-01,Electricidad y Agua,768,0.08936170212765959
1972-01-01,Construcción,4825,0.10741335781501027
1972-01-01,Comercio,13891,0.04475030084235865
1972-01-01,Servicios,60939,0.039382568650861316
1973-01-01,PBI,134401,0.06276934755620212
1973-01-01,Agropecuario,7815,0.003982528263103857
1973-01-01,Pesca,274,-0.2751322751322751
1973-01-01,Minería e Hidrocarburos,15326,0.03785467596668246
1973-01-01,Manufactura,24615,0.06507723594824966
1973-01-01,Electricidad y Agua,856,0.11458333333333326
1973-01-01,Construcción,5285,0.09533678756476682
1973-01-01,Comercio,14763,0.06277445828234107
1973-01-01,Servicios,65467,0.07430381200873004
1974-01-01,PBI,147017,0.09386834919383036
1974-01-01,Agropecuario,8104,0.03698016634676904
1974-01-01,Pesca,383,0.3978102189781021
1974-01-01,Minería e Hidrocarburos,16179,0.05565705337335247
1974-01-01,Manufactura,26689,0.08425756652447691
1974-01-01,Electricidad y Agua,936,0.09345794392523366
1974-01-01,Construcción,6353,0.20208136234626295
1974-01-01,Comercio,16357,0.10797263428842374
1974-01-01,Servicios,72016,0.10003513220401117
1975-01-01,PBI,153340,0.04300863165484259
1975-01-01,Agropecuario,8101,-3.701875616979322e-4
1975-01-01,Pesca,340,-0.1122715404699739
1975-01-01,Minería e Hidrocarburos,14924,-0.07756968910315842
1975-01-01,Manufactura,27523,0.0312488291056241
1975-01-01,Electricidad y Agua,1008,0.07692307692307687
1975-01-01,Construcción,6488,0.021249803242562537
1975-01-01,Comercio,17929,0.09610564284404233
1975-01-01,Servicios,77027,0.069581759608975835
1976-01-01,PBI,155559,0.014471109951741168
1976-01-01,Agropecuario,8222,0.014936427601530688
1976-01-01,Pesca,400,0.17647058823529416
1976-01-01,Minería e Hidrocarburos,15816,0.05976949879388904
1976-01-01,Manufactura,28519,0.03618791556153034
1976-01-01,Electricidad y Agua,1145,0.13591269841269837
1976-01-01,Construcción,6493,7.706535141800419e-4
1976-01-01,Comercio,17256,-0.03753695130793688
1976-01-01,Servicios,77708,0.008841055733703751
1977-01-01,PBI,156102,0.0034906369930380876
1977-01-01,Agropecuario,8214,-9.729992702505186e-4
1977-01-01,Pesca,349,-0.12749999999999995
1977-01-01,Minería e Hidrocarburos,19116,0.2086494688922611
1977-01-01,Manufactura,28037,-0.01690101335951466
1977-01-01,Electricidad y Agua,1292,0.12838427947598263
1977-01-01,Construcción,5763,-0.11242876944401659
1977-01-01,Comercio,16559,-0.04039174779786736
1977-01-01,Servicios,76772,-0.012045091882431636
1978-01-01,PBI,151977,-0.02642502978821537
1978-01-01,Agropecuario,8091,-0.014974433893352845
1978-01-01,Pesca,441,0.26361031518624634
1978-01-01,Minería e Hidrocarburos,25101,0.3130885122410547
1978-01-01,Manufactura,26906,-0.04033955130720124
1978-01-01,Electricidad y Agua,1346,0.04179566563467496
1978-01-01,Construcción,5169,-0.10307131702238415
1978-01-01,Comercio,16141,-0.025243070233709752
1978-01-01,Servicios,68782,-0.10407440212577501
1979-01-01,PBI,158194,0.040907505741000216
1979-01-01,Agropecuario,8406,0.03893214682981094
1979-01-01,Pesca,494,0.1201814058956916
1979-01-01,Minería e Hidrocarburos,29554,0.1774032907055496
1979-01-01,Manufactura,28021,0.04144057087638453
1979-01-01,Electricidad y Agua,1444,0.07280832095096579
1979-01-01,Construcción,5439,0.0522344747533372
1979-01-01,Comercio,16967,0.05117402887057798
1979-01-01,Servicios,67869,-0.0132738216393824
1980-01-01,PBI,167596,0.059433353983084025
1980-01-01,Agropecuario,7917,-0.058172733761598816
1980-01-01,Pesca,412,-0.1659919028340081
1980-01-01,Minería e Hidrocarburos,30171,0.02087703864113144
1980-01-01,Manufactura,29628,0.05734984475928773
1980-01-01,Electricidad y Agua,1644,0.13850415512465375
1980-01-01,Construcción,6064,0.1149108291965435
1980-01-01,Comercio,17818,0.05015618553662993
1980-01-01,Servicios,73942,0.08948120644182178
1981-01-01,PBI,176901.0000000001,0.055520418148405026
1981-01-01,Agropecuario,8650.14970943435,0.09260448521338271
1981-01-01,Pesca,472.394734965217,0.14658916253693444
1981-01-01,Minería e Hidrocarburos,29007.0751862704,-0.03857760146264966
1981-01-01,Manufactura,31166.5561952491,0.05192912769168023
1981-01-01,Electricidad y Agua,1765.03865128608,0.073624483750657
1981-01-01,Construcción,6772.06931123913,0.11676604736793039
1981-01-01,Comercio,18943.3772673625,0.06315957275578055
1981-01-01,Servicios,80124.3389441933,0.08361065354187458
1982-01-01,PBI,176507,-0.002227234441863457
1982-01-01,Agropecuario,8824,0.020097951643084144
1982-01-01,Pesca,528,0.11770932425586245
1982-01-01,Minería e Hidrocarburos,29603,0.02054411931926392
1982-01-01,Manufactura,29477,-0.05421055135718367
1982-01-01,Electricidad y Agua,1909,0.08156271739943133
1982-01-01,Construcción,6880,0.015937623169589354
1982-01-01,Comercio,18839,-0.005509960863331886
1982-01-01,Servicios,80447,0.004027004279329338
1983-01-01,PBI,158136,-0.10408085798296951
1983-01-01,Agropecuario,7974,-0.09632819582955576
1983-01-01,Pesca,371,-0.29734848484848486
1983-01-01,Minería e Hidrocarburos,26698,-0.0981319460865453
1983-01-01,Manufactura,24128,-0.18146351392611193
1983-01-01,Electricidad y Agua,1603,-0.16029334730225253
1983-01-01,Construcción,5447,-0.20828488372093024
1983-01-01,Comercio,15440,-0.1804235893624927
1983-01-01,Servicios,76475,-0.04937412209280645
1984-01-01,PBI,163842.00000000012,0.03608286538169758
1984-01-01,Agropecuario,8790,0.10233258088788566
1984-01-01,Pesca,543,0.463611859838275
1984-01-01,Minería e Hidrocarburos,27973,0.04775638624616074
1984-01-01,Manufactura,25510,0.057277851458885864
1984-01-01,Electricidad y Agua,1608,0.003119151590767366
1984-01-01,Construcción,5491,0.00807784101340192
1984-01-01,Comercio,15764,0.020984455958549253
1984-01-01,Servicios,78163.0000000001,0.022072572736189677
1985-01-01,PBI,167218.99999999988,0.020611320662588195
1985-01-01,Agropecuario,9046,0.029124004550625804
1985-01-01,Pesca,636,0.1712707182320441
1985-01-01,Minería e Hidrocarburos,29175,0.04297000679226404
1985-01-01,Manufactura,26659,0.045041160329282626
1985-01-01,Electricidad y Agua,1707,0.06156716417910446
1985-01-01,Construcción,4915,-0.10489892551447821
1985-01-01,Comercio,15893,0.008183202232935782
1985-01-01,Servicios,79187.9999999999,0.013113621534482922
1986-01-01,PBI,182981.00000000012,0.09425962360736673
1986-01-01,Agropecuario,9438,0.04333407030731817
1986-01-01,Pesca,840,0.320754716981132
1986-01-01,Minería e Hidrocarburos,27868,-0.04479862896315334
1986-01-01,Manufactura,30817,0.1559698413293822
1986-01-01,Electricidad y Agua,2007,0.17574692442882256
1986-01-01,Construcción,5966,0.21383519837232967
1986-01-01,Comercio,18309,0.15201661108664188
1986-01-01,Servicios,87736.0000000001,0.10794564833055786
1987-01-01,PBI,200778,0.09726146430503646
1987-01-01,Agropecuario,10060,0.06590379317652051
1987-01-01,Pesca,740,-0.11904761904761907
1987-01-01,Minería e Hidrocarburos,27036,-0.029855030859767484
1987-01-01,Manufactura,34765,0.12811110750559762
1987-01-01,Electricidad y Agua,2162,0.07722969606377683
1987-01-01,Construcción,7024,0.17733825008380832
1987-01-01,Comercio,20109,0.09831230542356217
1987-01-01,Servicios,98882,0.1270402115437208
1988-01-01,PBI,181822.00000000012,-0.09441273446293863
1988-01-01,Agropecuario,10772,0.07077534791252482
1988-01-01,Pesca,876,0.18378378378378368
1988-01-01,Minería e Hidrocarburos,22984,-0.14987424175173847
1988-01-01,Manufactura,30869,-0.11206673378397813
1988-01-01,Electricidad y Agua,2173,0.005087881591119281
1988-01-01,Construcción,6549,-0.06762528473804097
1988-01-01,Comercio,18013,-0.10423193594907754
1988-01-01,Servicios,89586.0000000001,-0.09401104346594824
1989-01-01,PBI,159436,-0.12312041447129662
1989-01-01,Agropecuario,10169,-0.05597846268102491
1989-01-01,Pesca,922,0.05251141552511407
1989-01-01,Minería e Hidrocarburos,21865,-0.048686042464322954
1989-01-01,Manufactura,26034,-0.15662962842981631
1989-01-01,Electricidad y Agua,2144,-0.01334560515416472
1989-01-01,Construcción,5587,-0.14689265536723162
1989-01-01,Comercio,15055,-0.16421473380336427
1989-01-01,Servicios,77660,-0.1331234791150413
1990-01-01,PBI,151492.00000000012,-0.04982563536465967
1990-01-01,Agropecuario,9463,-0.06942668895663295
1990-01-01,Pesca,916,-0.006507592190889366
1990-01-01,Minería e Hidrocarburos,19965,-0.0868968671392637
1990-01-01,Manufactura,24524,-0.05800107551663214
1990-01-01,Electricidad y Agua,2152,0.003731343283582156
1990-01-01,Construcción,5764,0.031680687309826316
1990-01-01,Comercio,14790,-0.017602125539687763
1990-01-01,Servicios,73918.0000000001,-0.04818439351017123
1991-01-01,PBI,154854.00000000003,0.02219259102790838
1991-01-01,Agropecuario,9856.71900431392,0.041606150725342905
1991-01-01,Pesca,701.512269197998,-0.23415691135589745
1991-01-01,Minería e Hidrocarburos,20574.658151001,0.03053634615582279
1991-01-01,Manufactura,25865.4340951848,0.054698829521480974
1991-01-01,Electricidad y Agua,2285.67584179117,0.06211702685463294
1991-01-01,Construcción,5769.08844958223,8.827983314070309e-4
1991-01-01,Comercio,15235.5725303529,0.030126607866997945
1991-01-01,Servicios,74565.339658576,0.008757537522334324
1992-01-01,PBI,154017,-0.005405091247239535
1992-01-01,Agropecuario,9010,-0.08590272320265424
1992-01-01,Pesca,923,0.31572894805563023
1992-01-01,Minería e Hidrocarburos,19860,-0.03473487363707328
1992-01-01,Manufactura,25421,-0.017182549248904166
1992-01-01,Electricidad y Agua,2285,-2.95685756839692e-4
1992-01-01,Construcción,6119,0.06065283163462487
1992-01-01,Comercio,14922,-0.02058160464453751
1992-01-01,Servicios,75477,0.012226328554236554
1993-01-01,PBI,162093,0.052435770077329025
1993-01-01,Agropecuario,9845,0.09267480577136511
1993-01-01,Pesca,1117,0.21018418201516798
1993-01-01,Minería e Hidrocarburos,21478,0.08147029204431022
1993-01-01,Manufactura,26643,0.048070492899571216
1993-01-01,Electricidad y Agua,2532,0.10809628008752736
1993-01-01,Construcción,6996,0.14332407256087598
1993-01-01,Comercio,15511,0.039471920654067905
1993-01-01,Servicios,77971,0.033043178716695154
1994-01-01,PBI,182043.67121261434,0.12308163346112622
1994-01-01,Agropecuario,11156.000000000004,0.1331640426612497
1994-01-01,Pesca,1440,0.28916741271262314
1994-01-01,Minería e Hidrocarburos,21896,0.019461774839370616
1994-01-01,Manufactura,30583.022774161702,0.1478820993942762
1994-01-01,Electricidad y Agua,2761,0.09044233807266977
1994-01-01,Construcción,9171.64967637254,0.31098480222592073
1994-01-01,Comercio,18381.0005649261,0.185030015145774
1994-01-01,Servicios,86654.998197154,0.11137471876920912
1995-01-01,PBI,195535.9914233204,0.07411584330744447
1995-01-01,Agropecuario,11841.999999999998,0.06149157404087435
1995-01-01,Pesca,1223,-0.15069444444444446
1995-01-01,Minería e Hidrocarburos,22532,0.02904640116916335
1995-01-01,Manufactura,32311.9884128295,0.05653351048505684
1995-01-01,Electricidad y Agua,2773,0.004346251358203546
1995-01-01,Construcción,10804.0043190408,0.17797830273363302
1995-01-01,Comercio,20379.0006263331,0.10869920026113844
1995-01-01,Servicios,93670.998065117,0.08096474541492094
1996-01-01,PBI,201009.28974876227,0.02799125769942057
1996-01-01,Agropecuario,12611,0.06493835500760015
1996-01-01,Pesca,1195,-0.02289452166802941
1996-01-01,Minería e Hidrocarburos,23802,0.056364281910172176
1996-01-01,Manufactura,32878.9790874901,0.017547378001518288
1996-01-01,Electricidad y Agua,2919,0.052650558961413685
1996-01-01,Construcción,10501.3120347226,-0.028016675612091313
1996-01-01,Comercio,20556.0006317731,0.008685411452967973
1996-01-01,Servicios,96545.9979947765,0.030692530121872785
1997-01-01,PBI,214028.29148652172,0.06476815949169135
1997-01-01,Agropecuario,13160.000000000004,0.04353342320196685
1997-01-01,Pesca,1191,-0.0033472803347280866
1997-01-01,Minería e Hidrocarburos,25718,0.08049743719015212
1997-01-01,Manufactura,34365.0419030423,0.04519796103150964
1997-01-01,Electricidad y Agua,3310,0.13394998287084614
1997-01-01,Construcción,12066.2510128663,0.14902318614752397
1997-01-01,Comercio,22125.0006799951,0.07632807939287667
1997-01-01,Servicios,102092.997890618,0.05745447777277746
1998-01-01,PBI,213189.99356685602,-0.003916762189911216
1998-01-01,Agropecuario,13177.000000000002,0.0012917933130698334
1998-01-01,Pesca,1076,-0.0965575146935348
1998-01-01,Minería e Hidrocarburos,26643,0.03596702698499099
1998-01-01,Manufactura,33425.0483808197,-0.027353190049198783
1998-01-01,Electricidad y Agua,3465,0.04682779456193353
1998-01-01,Construcción,12162.9466223915,0.008013724347528894
1998-01-01,Comercio,21543.0006621078,-0.02630508474576143
1998-01-01,Servicios,101697.997901537,-0.003869021355452862
1999-01-01,PBI,216376.74068403698,0.014947920696763761
1999-01-01,Agropecuario,14645.999999999998,0.11148212795021606
1999-01-01,Pesca,1428,0.32713754646840143
1999-01-01,Minería e Hidrocarburos,29184,0.09537214277671424
1999-01-01,Manufactura,32961.9667895787,-0.013854328226095669
1999-01-01,Electricidad y Agua,3620,0.044733044733044736
1999-01-01,Construcción,10933.7753671655,-0.10105867380550249
1999-01-01,Comercio,21366.0006566678,-0.008216125887761216
1999-01-01,Servicios,102236.997870625,0.005300005705223931
2000-01-01,PBI,222206.70730654246,0.026943592014904594
2000-01-01,Agropecuario,15495.999694155744,0.05803630302852292
2000-01-01,Pesca,1710,0.19747899159663862
2000-01-01,Minería e Hidrocarburos,29440,0.00877192982456143
2000-01-01,Manufactura,34792.0477333988,0.055520987430844215
2000-01-01,Electricidad y Agua,3750,0.035911602209944826
2000-01-01,Construcción,10168.6613747636,-0.06997710916025968
2000-01-01,Comercio,22173.0006814703,0.0377702892445928
2000-01-01,Servicios,104676.997822754,0.023866115036130786
2001-01-01,PBI,223579.57581563666,0.006178339644807851
2001-01-01,Agropecuario,15373.99976082793,-0.007872995336585142
2001-01-01,Pesca,1488,-0.12982456140350873
2001-01-01,Minería e Hidrocarburos,32360,0.09918478260869557
2001-01-01,Manufactura,35093.9522634848,0.00867740043355325
2001-01-01,Electricidad y Agua,3823,0.019466666666666743
2001-01-01,Construcción,9466.52525838945,-0.06904902135070579
2001-01-01,Comercio,22353.0006870025,0.008117981328644497
2001-01-01,Servicios,103621.097845932,-0.010087220676790132
2002-01-01,PBI,235772.94721770647,0.0545370540112502
2002-01-01,Agropecuario,16151.999747606971,0.050604917320302034
2002-01-01,Pesca,1529,0.027553763440860246
2002-01-01,Minería e Hidrocarburos,35582,0.0995673671199011
2002-01-01,Manufactura,37423.8588263183,0.06639054345719164
2002-01-01,Electricidad y Agua,4049,0.059115877583050036
2002-01-01,Construcción,10281.0901757563,0.08604687518738352
2002-01-01,Comercio,23010.0007071949,0.029392027915716268
2002-01-01,Servicios,107745.99776083,0.03980752955378897
2003-01-01,PBI,245592.6139174331,0.04164882704146455
2003-01-01,Agropecuario,16471.999633491203,0.019811781258332495
2003-01-01,Pesca,1417,-0.07325049051667754
2003-01-01,Minería e Hidrocarburos,36993,0.03965488168174924
2003-01-01,Manufactura,38882.9644034948,0.03898864582479633
2003-01-01,Electricidad y Agua,4205,0.038528031612743874
2003-01-01,Construcción,10671.6515051512,0.03798831862362961
2003-01-01,Comercio,23710.0007287089,0.030421555845286052
2003-01-01,Servicios,113240.997646587,0.05099957306956848
2004-01-01,PBI,257769.78619775624,0.049582811494555123
2004-01-01,Agropecuario,16390.999666660144,-0.004917433744132005
2004-01-01,Pesca,1988,0.4029640084685957
2004-01-01,Minería e Hidrocarburos,39206,0.05982212851079938
2004-01-01,Manufactura,41777.9580874237,0.0744540373487752
2004-01-01,Electricidad y Agua,4435,0.054696789536266444
2004-01-01,Construcción,11194.8301100093,0.04902508338147671
2004-01-01,Comercio,25075.0007706611,0.05757064529734124
2004-01-01,Servicios,117701.997563002,0.03939385919521232
2005-01-01,PBI,273971.1538867908,0.06285208180529422
2005-01-01,Agropecuario,16947.999616149755,0.033982060936927905
2005-01-01,Pesca,2086.00088240271,0.04929621851242949
2005-01-01,Minería e Hidrocarburos,43236,0.10279038922613881
2005-01-01,Manufactura,44529.1327870499,0.06585230168188572
2005-01-01,Electricidad y Agua,4684.9991489555,0.056369593902029225
2005-01-01,Construcción,12168.0231934024,0.086932367336505445
2005-01-01,Comercio,26368.0008104005,0.05156530408773774
2005-01-01,Servicios,123950.99744843,0.05309170629906368
2006-01-01,PBI,294597.83081042906,0.07528776891658295
2006-01-01,Agropecuario,18462.000225806736,0.08933211257653606
2006-01-01,Pesca,2163.00091497462,0.03691275167785135
2006-01-01,Minería e Hidrocarburos,44058,0.019011934499028493
2006-01-01,Manufactura,47765.9730950314,0.0726903962729506
2006-01-01,Electricidad y Agua,5039.99908446867,0.07577374599786557
2006-01-01,Construcción,13993.8593374595,0.15005199406975844
2006-01-01,Comercio,29500.0009066601,0.11878033980582359
2006-01-01,Servicios,133614.997246028,0.0779662931040046
2007-01-01,PBI,319693,0.08518450091955843
2007-01-01,Agropecuario,19074.0019927362,0.03314926657155981
2007-01-01,Pesca,2364.47539285857,0.09314581260189336
2007-01-01,Minería e Hidrocarburos,45892,0.04162694629806163
2007-01-01,Manufactura,52807,0.10553594071954464
2007-01-01,Electricidad y Agua,5504.99900000002,0.09226190476190754
2007-01-01,Construcción,16317.001,0.16601150594116598
2007-01-01,Comercio,32537.001,0.10294915254237313
2007-01-01,Servicios,118693.522614405,-0.11167514829303027
2008-01-01,PBI,348846.064649785,0.09119081321700828
2008-01-01,Agropecuario,20669.0353273041,0.08362342287556235
2008-01-01,Pesca,2437.08562868552,0.030708814329916345
2008-01-01,Minería e Hidrocarburos,49148.4588309063,0.07095918310176708
2008-01-01,Manufactura,57354.0006756818,0.08610602146839996
2008-01-01,Electricidad y Agua,5915.43293105712,0.07455658594254033
2008-01-01,Construcción,19061.001,0.16816815786185213
2008-01-01,Comercio,36105.001,0.10965976858162185
2008-01-01,Servicios,128077.04825615,0.07905676261904282
2009-01-01,PBI,352670.054500141,0.010961825968124339
2009-01-01,Agropecuario,21091.8940788795,0.020458562525015322
2009-01-01,Pesca,2341.98926225738,-0.039020527349887146
2009-01-01,Minería e Hidrocarburos,49545.5449280178,0.008079319404046048
2009-01-01,Manufactura,53502.0178176378,-0.06716153734114738
2009-01-01,Electricidad y Agua,5988.88841628739,0.012417600890141989
2009-01-01,Construcción,20359.999,0.0681495163868886
2009-01-01,Comercio,35936,-0.004680819701403549
2009-01-01,Servicios,134072.722997061,0.046813030301259495
2010-01-01,PBI,382063.719513059,0.08334607556793916
2010-01-01,Agropecuario,21771.7731878046,0.03223414200652086
2010-01-01,Pesca,1780.10111972012,-0.23991917964460308
2010-01-01,Minería e Hidrocarburos,49811.6880333896,0.005371685905533274
2010-01-01,Manufactura,59254.9986015155,0.1075282955399326
2010-01-01,Electricidad y Agua,6427.19213931034,0.07318615618733837
2010-01-01,Construcción,23993.001,0.17843822094490291
2010-01-01,Comercio,40419.999,0.12477735418521818
2010-01-01,Servicios,144757.966431319,0.07969737016896583
2011-01-01,PBI,406228.022869588,0.06324678874855327
2011-01-01,Agropecuario,22783.127931309,0.046452566576934196
2011-01-01,Pesca,2822.07005570354,0.585342554105716
2011-01-01,Minería e Hidrocarburos,49545.8866957435,-0.005336123872532128
2011-01-01,Manufactura,64329.9891255431,0.08564662296520242
2011-01-01,Electricidad y Agua,6906.46730483753,0.07456991406804558
2011-01-01,Construcción,24848,0.035635350492420725
2011-01-01,Comercio,44034,0.08941120953516091
2011-01-01,Servicios,155188.484756451,0.07205488293510132
2012-01-01,PBI,431180.183125913,0.061424025058791853
2012-01-01,Agropecuario,24496.0404881579,0.07518337964889277
2012-01-01,Pesca,1970.41876376857,-0.3017824770911487
2012-01-01,Minería e Hidrocarburos,50633.9137496677,0.021959987528443303
2012-01-01,Manufactura,65964.6662347687,0.025410809661967182
2012-01-01,Electricidad y Agua,7255.51055292876,0.05053860862365167
2012-01-01,Construcción,28795.3399486609,0.15885946348442137
2012-01-01,Comercio,47026.0980158642,0.06794972103066255
2012-01-01,Servicios,166792.196372096,0.07477173086556999
2013-01-01,PBI,456411.724489259,0.05851739562895886
2013-01-01,Agropecuario,25157.1004329714,0.026986399909531222
2013-01-01,Pesca,2445.30144051004,0.24100596557110632
2013-01-01,Minería e Hidrocarburos,53104.4173505034,0.04879148021323765
2013-01-01,Manufactura,69206.8822638829,0.04915079866507832
2013-01-01,Electricidad y Agua,7650.34610330128,0.054418713540860475
2013-01-01,Construcción,31504.2291904877,0.09407387607357531
2013-01-01,Comercio,49781.0600627774,0.05858368359594324
2013-01-01,Servicios,177612.353082779,0.06487208002552092
2014-01-01,PBI,467291.17633203,0.023836924555225902
2014-01-01,Agropecuario,25553.1256267449,0.015742084221059827
2014-01-01,Pesca,1762.14440396115,-0.2793753871123542
2014-01-01,Minería e Hidrocarburos,52641.1732734183,-0.0087232682363797
2014-01-01,Manufactura,66683.6970824189,-0.036458587627791084
2014-01-01,Electricidad y Agua,8024.54489378458,0.04891266165354602
2014-01-01,Construcción,32210.0067712196,0.022402629706141264
2014-01-01,Comercio,51980.770629956,0.04418770039056241
2014-01-01,Servicios,188120.938238172,0.05916584614188025
2015-01-01,PBI,482486.516943211,0.03251792753814842
2015-01-01,Agropecuario,26438.6277429892,0.034653377797254636
2015-01-01,Pesca,2041.75060705913,0.15867383085600095
2015-01-01,Minería e Hidrocarburos,57619.9042253646,0.09457864713779762
2015-01-01,Manufactura,65702.3360332346,-0.014716656276141493
2015-01-01,Electricidad y Agua,8500.90174520864,0.05936247572033926
2015-01-01,Construcción,30317.2805959794,-0.05876205455912531
2015-01-01,Comercio,53996.2184844187,0.0387729506515091
2015-01-01,Servicios,197502.191890744,0.049868205742705785
2016-01-01,PBI,501563.526081663,0.039538947656639456
2016-01-01,Agropecuario,27151.9103076963,0.026978804332847606
2016-01-01,Pesca,1835.81655625664,-0.10086151074989058
2016-01-01,Minería e Hidrocarburos,67009.6507047489,0.16296011952152623
2016-01-01,Manufactura,64793.4360516977,-0.013833602218909613
2016-01-01,Electricidad y Agua,9123.56286633175,0.07324647899548542
2016-01-01,Construcción,29349.5674280479,-0.031919524076965966
2016-01-01,Comercio,54975.1280717746,0.018129224875967465
2016-01-01,Servicios,205861.526392139,0.042325274577303285
2017-01-01,PBI,514215,0.025224070851350477
2017-01-01,Agropecuario,27952.0664027353,0.02946960585724212
2017-01-01,Pesca,1921.3957363438,0.046616411533874524
2017-01-01,Minería e Hidrocarburos,69304.4325297248,0.034245542259083495
2017-01-01,Manufactura,64669.0842567381,-0.001919203588159557
2017-01-01,Electricidad y Agua,9227.39651303102,0.01138082218761749
2017-01-01,Construcción,29987.5427249802,0.021737127761638497
2017-01-01,Comercio,55540.5059432616,0.010284248374080374
2017-01-01,Servicios,212576.700063523,0.03261985757645891
2018-01-01,PBI,534626,0.03969351341365002
2018-01-01,Agropecuario,30100.4974884209,0.0768612615157267
2018-01-01,Pesca,2837.66469014171,0.47687674978475103
2018-01-01,Minería e Hidrocarburos,68269.0085056416,-0.014940228009790113
2018-01-01,Manufactura,68497.2308363,0.05919592991860001
2018-01-01,Electricidad y Agua,9632.74199924145,0.04392847816152656
2018-01-01,Construcción,31580.0005999971,0.05310398019676188
2018-01-01,Comercio,57011.0236989905,0.02647649190000423
2018-01-01,Servicios,222052.15736669,0.04457429859592099
2019-01-01,PBI,546605,0.022406317687504895
2019-01-01,Agropecuario,31166.0603581137,0.035400174701521125
2019-01-01,Pesca,2350.94582940468,-0.17152092085718684
2019-01-01,Minería e Hidrocarburos,68235.42484473,-4.919312825353295e-4
2019-01-01,Manufactura,67336.0977144014,-0.01695153377329317
2019-01-01,Electricidad y Agua,10011.5090826238,0.03932079603213445
2019-01-01,Construcción,32014.7245192827,0.013765798322550982
2019-01-01,Comercio,58720.5056848186,0.029985112964361127
2019-01-01,Servicios,231295.962170358,0.04162897993557002
2020-01-01,PBI,486737,-0.10952698932501537
2020-01-01,Agropecuario,31485.1324633107,0.010237806817117834
2020-01-01,Pesca,2450.12129181859,0.042185345648318995
2020-01-01,Minería e Hidrocarburos,59080.78855911,-0.13416251611903085
2020-01-01,Manufactura,58894.0119523872,-0.12537236413402475
2020-01-01,Electricidad y Agua,9396.7464571802,-0.0614055903430778
2020-01-01,Construcción,27759.1900365365,-0.1329242886404679
2020-01-01,Comercio,49337.3828470432,-0.1597929501516756
2020-01-01,Servicios,208747.181424755,-0.09748886463048145
2021-01-01,PBI,551714,0.1334950907779766
2021-01-01,Agropecuario,32922.3584510025,0.045647766906065534
2021-01-01,Pesca,2693.02724450179,0.09914037868015257
2021-01-01,Minería e Hidrocarburos,63879.7350751814,0.08122685280800002
2021-01-01,Manufactura,69852.4096897564,0.18606981209275575
2021-01-01,Electricidad y Agua,10199.8197877222,0.08546291359477509
2021-01-01,Construcción,37437.0042921906,0.34863460507731703
2021-01-01,Comercio,58124.6045431954,0.17810473902506208
2021-01-01,Servicios,229361.838417609,0.0987541812644055
2022-01-01,PBI,566514.454,0.026826315808553103
2022-01-01,Agropecuario,34382.4530913117,0.04434963681238746
2022-01-01,Pesca,2386.18709436632,-0.11393874709657292
2022-01-01,Minería e Hidrocarburos,64207.7302691105,0.00513457348473767
2022-01-01,Manufactura,70447.3740127209,0.00851744879821581
2022-01-01,Electricidad y Agua,10598.1278282487,0.03905049783388881
2022-01-01,Construcción,38552.2983180202,0.029791219861634355
2022-01-01,Comercio,60017.223642308,0.03256141033537885
2022-01-01,Servicios,236886.150517963,0.03280542287359145
2023-01-01,PBI,571613.084086,0.008999999999999897
2023-01-01,Agropecuario,33694.804029485465,-0.019999999999999907
2023-01-01,Pesca,1756.2337014536113,-0.264
2023-01-01,Minería e Hidrocarburos,58526.49255885871,-0.08848214516290043
2023-01-01,Manufactura,67868.63920567551,-0.036605123231133296
2023-01-01,Electricidad y Agua,11053.847324863393,0.04299999999999993
2023-01-01,Construcción,37125.86328025345,-0.03700000000000003
2023-01-01,Comercio,61817.740351577246,0.030000000000000027
2023-01-01,Servicios,239255.01202314263,0.010000000000000009
